URL;HTTP;RobotsBlocked;MetaNoindex;Canonical;HasVideoIframe;VideoHasError;VideoErrorText;Result
https://automoto.com.lv/ru/obzory-avto/acura/integra/2023/74.html;200;False;False;https://automoto.com.lv/ru/obzory-avto/acura/integra/2023/74.html;True;False;;PASS
https://automoto.com.lv/ru/obzory-avto/acura/integra/2024/287.html;200;False;False;https://automoto.com.lv/ru/obzory-avto/acura/integra/2024/287.html;True;False;;PASS
https://automoto.com.lv/ru/obzory-avto/acura/integra/2025/317.html;200;False;False;https://automoto.com.lv/ru/obzory-avto/acura/integra/2025/317.html;True;False;;PASS
https://automoto.com.lv/ru/obzory-avto/acura/mdx/2023/110.html;200;False;False;https://automoto.com.lv/ru/obzory-avto/acura/mdx/2023/110.html;True;False;;PASS
https://automoto.com.lv/ru/obzory-avto/acura/mdx/2024/208.html;200;False;False;https://automoto.com.lv/ru/obzory-avto/acura/mdx/2024/208.html;True;False;;PASS
https://automoto.com.lv/ru/obzory-avto/acura/mdx/2025/326.html;200;False;False;https://automoto.com.lv/ru/obzory-avto/acura/mdx/2025/326.html;True;False;;PASS
https://automoto.com.lv/ru/obzory-avto/acura/rdx/2023/95.html;200;False;False;https://automoto.com.lv/ru/obzory-avto/acura/rdx/2023/95.html;True;False;;PASS
https://automoto.com.lv/ru/obzory-avto/acura/rdx/2024/247.html;200;False;False;https://automoto.com.lv/ru/obzory-avto/acura/rdx/2024/247.html;True;False;;PASS
https://automoto.com.lv/ru/obzory-avto/acura/rdx/2025/362.html;200;False;False;https://automoto.com.lv/ru/obzory-avto/acura/rdx/2025/362.html;True;False;;PASS
https://automoto.com.lv/ru/obzory-avto/acura/tlx/2023/173.html;200;False;False;https://automoto.com.lv/ru/obzory-avto/acura/tlx/2023/173.html;True;False;;PASS
https://automoto.com.lv/ru/obzory-avto/acura/tlx/2024/296.html;200;False;False;https://automoto.com.lv/ru/obzory-avto/acura/tlx/2024/296.html;True;False;;PASS
https://automoto.com.lv/ru/obzory-avto/alfa-romeo/giulia/2023/174.html;200;False;False;https://automoto.com.lv/ru/obzory-avto/alfa-romeo/giulia/2023/174.html;True;False;;PASS
https://automoto.com.lv/ru/obzory-avto/alfa-romeo/giulia/2025/356.html;200;False;False;https://automoto.com.lv/ru/obzory-avto/alfa-romeo/giulia/2025/356.html;True;False;;PASS
https://automoto.com.lv/ru/obzory-avto/alfa-romeo/tonale/2024/209.html;200;False;False;https://automoto.com.lv/ru/obzory-avto/alfa-romeo/tonale/2024/209.html;True;False;;PASS
https://automoto.com.lv/ru/obzory-avto/audi/a3/2023/85.html;200;False;False;https://automoto.com.lv/ru/obzory-avto/audi/a3/2023/85.html;True;False;;PASS
https://automoto.com.lv/ru/obzory-avto/audi/a3/2024/205.html;200;False;False;https://automoto.com.lv/ru/obzory-avto/audi/a3/2024/205.html;True;False;;PASS
https://automoto.com.lv/ru/obzory-avto/audi/a4/2023/93.html;200;False;False;https://automoto.com.lv/ru/obzory-avto/audi/a4/2023/93.html;True;False;;PASS
https://automoto.com.lv/ru/obzory-avto/audi/a4/2024/212.html;200;False;False;https://automoto.com.lv/ru/obzory-avto/audi/a4/2024/212.html;True;False;;PASS
https://automoto.com.lv/ru/obzory-avto/audi/a4/2025/339.html;200;False;False;https://automoto.com.lv/ru/obzory-avto/audi/a4/2025/339.html;True;False;;PASS
https://automoto.com.lv/ru/obzory-avto/audi/a5/2023/119.html;200;False;False;https://automoto.com.lv/ru/obzory-avto/audi/a5/2023/119.html;True;False;;PASS
https://automoto.com.lv/ru/obzory-avto/audi/a5/2025/375.html;200;False;False;https://automoto.com.lv/ru/obzory-avto/audi/a5/2025/375.html;True;False;;PASS
https://automoto.com.lv/ru/obzory-avto/audi/a6/2023/144.html;200;False;False;https://automoto.com.lv/ru/obzory-avto/audi/a6/2023/144.html;True;False;;PASS
https://automoto.com.lv/ru/obzory-avto/audi/a6/2024/250.html;200;False;False;https://automoto.com.lv/ru/obzory-avto/audi/a6/2024/250.html;True;False;;PASS
https://automoto.com.lv/ru/obzory-avto/audi/a6/2025/391.html;200;False;False;https://automoto.com.lv/ru/obzory-avto/audi/a6/2025/391.html;True;False;;PASS
https://automoto.com.lv/ru/obzory-avto/audi/a7-sportback/2023/197.html;200;False;False;https://automoto.com.lv/ru/obzory-avto/audi/a7-sportback/2023/197.html;True;False;;PASS
https://automoto.com.lv/ru/obzory-avto/audi/a7-sportback/2024/282.html;200;False;False;https://automoto.com.lv/ru/obzory-avto/audi/a7-sportback/2024/282.html;True;False;;PASS
https://automoto.com.lv/ru/obzory-avto/audi/a8/2024/289.html;200;False;False;https://automoto.com.lv/ru/obzory-avto/audi/a8/2024/289.html;True;False;;PASS
https://automoto.com.lv/ru/obzory-avto/audi/q3/2023/98.html;200;False;False;https://automoto.com.lv/ru/obzory-avto/audi/q3/2023/98.html;True;False;;PASS
https://automoto.com.lv/ru/obzory-avto/audi/q3/2024/225.html;200;False;False;https://automoto.com.lv/ru/obzory-avto/audi/q3/2024/225.html;True;False;;PASS
https://automoto.com.lv/ru/obzory-avto/audi/q4-e-tron/2023/184.html;200;False;False;https://automoto.com.lv/ru/obzory-avto/audi/q4-e-tron/2023/184.html;True;False;;PASS
https://automoto.com.lv/ru/obzory-avto/audi/q4-e-tron/2024/202.html;200;False;False;https://automoto.com.lv/ru/obzory-avto/audi/q4-e-tron/2024/202.html;True;False;;PASS
https://automoto.com.lv/ru/obzory-avto/audi/q5/2022/65.html;200;False;False;https://automoto.com.lv/ru/obzory-avto/audi/q5/2022/65.html;True;False;;PASS
https://automoto.com.lv/ru/obzory-avto/audi/q5/2024/229.html;200;False;False;https://automoto.com.lv/ru/obzory-avto/audi/q5/2024/229.html;True;False;;PASS
https://automoto.com.lv/ru/obzory-avto/audi/q5/2025/329.html;200;False;False;https://automoto.com.lv/ru/obzory-avto/audi/q5/2025/329.html;True;False;;PASS
https://automoto.com.lv/ru/obzory-avto/audi/q7/2023/160.html;200;False;False;https://automoto.com.lv/ru/obzory-avto/audi/q7/2023/160.html;True;False;;PASS
https://automoto.com.lv/ru/obzory-avto/audi/q7/2024/244.html;200;False;False;https://automoto.com.lv/ru/obzory-avto/audi/q7/2024/244.html;True;False;;PASS
https://automoto.com.lv/ru/obzory-avto/audi/q7/2025/381.html;200;False;False;https://automoto.com.lv/ru/obzory-avto/audi/q7/2025/381.html;True;False;;PASS
https://automoto.com.lv/ru/obzory-avto/audi/q8-e-tron/2025/377.html;200;False;False;https://automoto.com.lv/ru/obzory-avto/audi/q8-e-tron/2025/377.html;True;False;;PASS
https://automoto.com.lv/ru/obzory-avto/audi/q8/2023/175.html;200;False;False;https://automoto.com.lv/ru/obzory-avto/audi/q8/2023/175.html;True;False;;PASS
https://automoto.com.lv/ru/obzory-avto/audi/q8/2024/299.html;200;False;False;https://automoto.com.lv/ru/obzory-avto/audi/q8/2024/299.html;True;False;;PASS
https://automoto.com.lv/ru/obzory-avto/audi/r8/2023/102.html;200;False;False;https://automoto.com.lv/ru/obzory-avto/audi/r8/2023/102.html;True;False;;PASS
https://automoto.com.lv/ru/obzory-avto/audi/s4/2025/319.html;200;False;False;https://automoto.com.lv/ru/obzory-avto/audi/s4/2025/319.html;True;False;;PASS
https://automoto.com.lv/ru/obzory-avto/audi/sq7/2025/306.html;200;False;False;https://automoto.com.lv/ru/obzory-avto/audi/sq7/2025/306.html;True;False;;PASS
https://automoto.com.lv/ru/obzory-avto/audi/tt/2023/163.html;200;False;False;https://automoto.com.lv/ru/obzory-avto/audi/tt/2023/163.html;True;False;;PASS
https://automoto.com.lv/ru/obzory-avto/bentley/continental-gt/2025/378.html;200;False;False;https://automoto.com.lv/ru/obzory-avto/bentley/continental-gt/2025/378.html;True;False;;PASS
https://automoto.com.lv/ru/obzory-avto/bmw/2-series/2024/211.html;200;False;False;https://automoto.com.lv/ru/obzory-avto/bmw/2-series/2024/211.html;True;False;;PASS
https://automoto.com.lv/ru/obzory-avto/bmw/3-series/2023/96.html;200;False;False;https://automoto.com.lv/ru/obzory-avto/bmw/3-series/2023/96.html;True;False;;PASS
https://automoto.com.lv/ru/obzory-avto/bmw/3-series/2024/228.html;200;False;False;https://automoto.com.lv/ru/obzory-avto/bmw/3-series/2024/228.html;True;False;;PASS
https://automoto.com.lv/ru/obzory-avto/bmw/3-series/2025/327.html;200;False;False;https://automoto.com.lv/ru/obzory-avto/bmw/3-series/2025/327.html;True;False;;PASS
https://automoto.com.lv/ru/obzory-avto/bmw/4-series/2023/124.html;200;False;False;https://automoto.com.lv/ru/obzory-avto/bmw/4-series/2023/124.html;True;False;;PASS
https://automoto.com.lv/ru/obzory-avto/bmw/4-series/2024/239.html;200;False;False;https://automoto.com.lv/ru/obzory-avto/bmw/4-series/2024/239.html;True;False;;PASS
https://automoto.com.lv/ru/obzory-avto/bmw/4-series/2025/349.html;200;False;False;https://automoto.com.lv/ru/obzory-avto/bmw/4-series/2025/349.html;True;False;;PASS
https://automoto.com.lv/ru/obzory-avto/bmw/5-series/2023/143.html;200;False;False;https://automoto.com.lv/ru/obzory-avto/bmw/5-series/2023/143.html;True;False;;PASS
https://automoto.com.lv/ru/obzory-avto/bmw/5-series/2024/262.html;200;False;False;https://automoto.com.lv/ru/obzory-avto/bmw/5-series/2024/262.html;True;False;;PASS
https://automoto.com.lv/ru/obzory-avto/bmw/5-series/2025/354.html;200;False;False;https://automoto.com.lv/ru/obzory-avto/bmw/5-series/2025/354.html;True;False;;PASS
https://automoto.com.lv/ru/obzory-avto/bmw/7-series/2023/134.html;200;False;False;https://automoto.com.lv/ru/obzory-avto/bmw/7-series/2023/134.html;True;False;;PASS
https://automoto.com.lv/ru/obzory-avto/bmw/7-series/2025/360.html;200;False;False;https://automoto.com.lv/ru/obzory-avto/bmw/7-series/2025/360.html;True;False;;PASS
https://automoto.com.lv/ru/obzory-avto/bmw/8-series/2023/196.html;200;False;False;https://automoto.com.lv/ru/obzory-avto/bmw/8-series/2023/196.html;True;False;;PASS
https://automoto.com.lv/ru/obzory-avto/bmw/8-series/2025/392.html;200;False;False;https://automoto.com.lv/ru/obzory-avto/bmw/8-series/2025/392.html;True;False;;PASS
https://automoto.com.lv/ru/obzory-avto/bmw/i4/2024/203.html;200;False;False;https://automoto.com.lv/ru/obzory-avto/bmw/i4/2024/203.html;True;False;;PASS
https://automoto.com.lv/ru/obzory-avto/bmw/i7/2024/303.html;200;False;False;https://automoto.com.lv/ru/obzory-avto/bmw/i7/2024/303.html;True;False;;PASS
https://automoto.com.lv/ru/obzory-avto/bmw/i7/2025/370.html;200;False;False;https://automoto.com.lv/ru/obzory-avto/bmw/i7/2025/370.html;True;False;;PASS
https://automoto.com.lv/ru/obzory-avto/bmw/ix/2022/59.html;200;False;False;https://automoto.com.lv/ru/obzory-avto/bmw/ix/2022/59.html;True;False;;PASS
https://automoto.com.lv/ru/obzory-avto/bmw/ix/2023/105.html;200;False;False;https://automoto.com.lv/ru/obzory-avto/bmw/ix/2023/105.html;True;False;;PASS
https://automoto.com.lv/ru/obzory-avto/bmw/ix/2024/259.html;200;False;False;https://automoto.com.lv/ru/obzory-avto/bmw/ix/2024/259.html;True;False;;PASS
https://automoto.com.lv/ru/obzory-avto/bmw/ix/2025/372.html;200;False;False;https://automoto.com.lv/ru/obzory-avto/bmw/ix/2025/372.html;True;False;;PASS
https://automoto.com.lv/ru/obzory-avto/bmw/x3/2024/253.html;200;False;False;https://automoto.com.lv/ru/obzory-avto/bmw/x3/2024/253.html;True;False;;PASS
https://automoto.com.lv/ru/obzory-avto/bmw/x4/2025/321.html;200;False;False;https://automoto.com.lv/ru/obzory-avto/bmw/x4/2025/321.html;True;False;;PASS
https://automoto.com.lv/ru/obzory-avto/bmw/x5/2023/172.html;200;False;False;https://automoto.com.lv/ru/obzory-avto/bmw/x5/2023/172.html;True;False;;PASS
https://automoto.com.lv/ru/obzory-avto/bmw/x6/2023/176.html;200;False;False;https://automoto.com.lv/ru/obzory-avto/bmw/x6/2023/176.html;True;False;;PASS
https://automoto.com.lv/ru/obzory-avto/bmw/x7/2022/64.html;200;False;False;https://automoto.com.lv/ru/obzory-avto/bmw/x7/2022/64.html;True;False;;PASS
https://automoto.com.lv/ru/obzory-avto/bmw/x7/2023/159.html;200;False;False;https://automoto.com.lv/ru/obzory-avto/bmw/x7/2023/159.html;True;False;;PASS
https://automoto.com.lv/ru/obzory-avto/buick/enclave/2023/130.html;200;False;False;https://automoto.com.lv/ru/obzory-avto/buick/enclave/2023/130.html;True;False;;PASS
https://automoto.com.lv/ru/obzory-avto/buick/enclave/2024/260.html;200;False;False;https://automoto.com.lv/ru/obzory-avto/buick/enclave/2024/260.html;True;False;;PASS
https://automoto.com.lv/ru/obzory-avto/buick/enclave/2025/390.html;200;False;False;https://automoto.com.lv/ru/obzory-avto/buick/enclave/2025/390.html;True;False;;PASS
https://automoto.com.lv/ru/obzory-avto/buick/envista/2024/199.html;200;False;False;https://automoto.com.lv/ru/obzory-avto/buick/envista/2024/199.html;True;False;;PASS
https://automoto.com.lv/ru/obzory-avto/buick/envista/2025/366.html;200;False;False;https://automoto.com.lv/ru/obzory-avto/buick/envista/2025/366.html;True;False;;PASS
https://automoto.com.lv/ru/obzory-avto/byd/atto-3/2024/276.html;200;False;False;https://automoto.com.lv/ru/obzory-avto/byd/atto-3/2024/276.html;True;False;;PASS
https://automoto.com.lv/ru/obzory-avto/cadillac/ct4/2024/268.html;200;False;False;https://automoto.com.lv/ru/obzory-avto/cadillac/ct4/2024/268.html;True;False;;PASS
https://automoto.com.lv/ru/obzory-avto/cadillac/lyriq/2023/80.html;200;False;False;https://automoto.com.lv/ru/obzory-avto/cadillac/lyriq/2023/80.html;True;False;;PASS
https://automoto.com.lv/ru/obzory-avto/cadillac/vistiq/2026/395.html;200;False;False;https://automoto.com.lv/ru/obzory-avto/cadillac/vistiq/2026/395.html;True;False;;PASS
https://automoto.com.lv/ru/obzory-avto/cadillac/xt4/2023/139.html;200;False;False;https://automoto.com.lv/ru/obzory-avto/cadillac/xt4/2023/139.html;True;False;;PASS
https://automoto.com.lv/ru/obzory-avto/cadillac/xt5/2022/62.html;200;False;False;https://automoto.com.lv/ru/obzory-avto/cadillac/xt5/2022/62.html;True;False;;PASS
https://automoto.com.lv/ru/obzory-avto/cadillac/xt5/2023/179.html;200;False;False;https://automoto.com.lv/ru/obzory-avto/cadillac/xt5/2023/179.html;True;False;;PASS
https://automoto.com.lv/ru/obzory-avto/cadillac/xt5/2023/190.html;200;False;False;https://automoto.com.lv/ru/obzory-avto/cadillac/xt5/2023/190.html;True;False;;PASS
https://automoto.com.lv/ru/obzory-avto/chevrolet/bolt-euv/2023/86.html;200;False;False;https://automoto.com.lv/ru/obzory-avto/chevrolet/bolt-euv/2023/86.html;True;False;;PASS
https://automoto.com.lv/ru/obzory-avto/chevrolet/camaro/2024/261.html;200;False;False;https://automoto.com.lv/ru/obzory-avto/chevrolet/camaro/2024/261.html;True;False;;PASS
https://automoto.com.lv/ru/obzory-avto/chevrolet/colorado/2024/231.html;200;False;False;https://automoto.com.lv/ru/obzory-avto/chevrolet/colorado/2024/231.html;True;False;;PASS
https://automoto.com.lv/ru/obzory-avto/chevrolet/equinox/2023/178.html;200;False;False;https://automoto.com.lv/ru/obzory-avto/chevrolet/equinox/2023/178.html;True;False;;PASS
https://automoto.com.lv/ru/obzory-avto/chevrolet/equinox/2024/251.html;200;False;False;https://automoto.com.lv/ru/obzory-avto/chevrolet/equinox/2024/251.html;True;False;;PASS
https://automoto.com.lv/ru/obzory-avto/chevrolet/equinox/2025/357.html;200;False;False;https://automoto.com.lv/ru/obzory-avto/chevrolet/equinox/2025/357.html;True;False;;PASS
https://automoto.com.lv/ru/obzory-avto/chevrolet/tahoe/2023/161.html;200;False;False;https://automoto.com.lv/ru/obzory-avto/chevrolet/tahoe/2023/161.html;True;False;;PASS
https://automoto.com.lv/ru/obzory-avto/chevrolet/tahoe/2025/389.html;200;False;False;https://automoto.com.lv/ru/obzory-avto/chevrolet/tahoe/2025/389.html;True;False;;PASS
https://automoto.com.lv/ru/obzory-avto/chevrolet/trailblazer/2023/88.html;200;False;False;https://automoto.com.lv/ru/obzory-avto/chevrolet/trailblazer/2023/88.html;True;False;;PASS
https://automoto.com.lv/ru/obzory-avto/chevrolet/traverse/2022/61.html;200;False;False;https://automoto.com.lv/ru/obzory-avto/chevrolet/traverse/2022/61.html;True;False;;PASS
https://automoto.com.lv/ru/obzory-avto/chevrolet/trax/2024/210.html;200;False;False;https://automoto.com.lv/ru/obzory-avto/chevrolet/trax/2024/210.html;True;False;;PASS
https://automoto.com.lv/ru/obzory-avto/chrysler/pacifica/2024/283.html;200;False;False;https://automoto.com.lv/ru/obzory-avto/chrysler/pacifica/2024/283.html;True;False;;PASS
https://automoto.com.lv/ru/obzory-avto/dodge/charger/2023/114.html;200;False;False;https://automoto.com.lv/ru/obzory-avto/dodge/charger/2023/114.html;True;False;;PASS
https://automoto.com.lv/ru/obzory-avto/dodge/durango/2023/168.html;200;False;False;https://automoto.com.lv/ru/obzory-avto/dodge/durango/2023/168.html;True;False;;PASS
https://automoto.com.lv/ru/obzory-avto/dodge/durango/2024/224.html;200;False;False;https://automoto.com.lv/ru/obzory-avto/dodge/durango/2024/224.html;True;False;;PASS
https://automoto.com.lv/ru/obzory-avto/fiat/500-x/2023/164.html;200;False;False;https://automoto.com.lv/ru/obzory-avto/fiat/500-x/2023/164.html;True;False;;PASS
https://automoto.com.lv/ru/obzory-avto/fiat/500e/2025/387.html;200;False;False;https://automoto.com.lv/ru/obzory-avto/fiat/500e/2025/387.html;True;False;;PASS
https://automoto.com.lv/ru/obzory-avto/ford/bronco/2024/219.html;200;False;False;https://automoto.com.lv/ru/obzory-avto/ford/bronco/2024/219.html;True;False;;PASS
https://automoto.com.lv/ru/obzory-avto/ford/ecosport/2022/66.html;200;False;False;https://automoto.com.lv/ru/obzory-avto/ford/ecosport/2022/66.html;True;False;;PASS
https://automoto.com.lv/ru/obzory-avto/ford/edge/2023/194.html;200;False;False;https://automoto.com.lv/ru/obzory-avto/ford/edge/2023/194.html;True;False;;PASS
https://automoto.com.lv/ru/obzory-avto/ford/edge/2024/213.html;200;False;False;https://automoto.com.lv/ru/obzory-avto/ford/edge/2024/213.html;True;False;;PASS
https://automoto.com.lv/ru/obzory-avto/ford/escape/2023/145.html;200;False;False;https://automoto.com.lv/ru/obzory-avto/ford/escape/2023/145.html;True;False;;PASS
https://automoto.com.lv/ru/obzory-avto/ford/escape/2025/333.html;200;False;False;https://automoto.com.lv/ru/obzory-avto/ford/escape/2025/333.html;True;False;;PASS
https://automoto.com.lv/ru/obzory-avto/ford/expedition/2023/138.html;200;False;False;https://automoto.com.lv/ru/obzory-avto/ford/expedition/2023/138.html;True;False;;PASS
https://automoto.com.lv/ru/obzory-avto/ford/expedition/2024/226.html;200;False;False;https://automoto.com.lv/ru/obzory-avto/ford/expedition/2024/226.html;True;False;;PASS
https://automoto.com.lv/ru/obzory-avto/ford/mustang-mach-e/2022/38.html;200;False;False;https://automoto.com.lv/ru/obzory-avto/ford/mustang-mach-e/2022/38.html;True;False;;PASS
https://automoto.com.lv/ru/obzory-avto/ford/mustang/2023/188.html;200;False;False;https://automoto.com.lv/ru/obzory-avto/ford/mustang/2023/188.html;True;False;;PASS
https://automoto.com.lv/ru/obzory-avto/ford/mustang/2024/215.html;200;False;False;https://automoto.com.lv/ru/obzory-avto/ford/mustang/2024/215.html;True;False;;PASS
https://automoto.com.lv/ru/obzory-avto/ford/ranger/2023/107.html;200;False;False;https://automoto.com.lv/ru/obzory-avto/ford/ranger/2023/107.html;True;False;;PASS
https://automoto.com.lv/ru/obzory-avto/genesis/g80/2024/220.html;200;False;False;https://automoto.com.lv/ru/obzory-avto/genesis/g80/2024/220.html;True;False;;PASS
https://automoto.com.lv/ru/obzory-avto/genesis/g80/2025/365.html;200;False;False;https://automoto.com.lv/ru/obzory-avto/genesis/g80/2025/365.html;True;False;;PASS
https://automoto.com.lv/ru/obzory-avto/genesis/gv60/2025/340.html;200;False;False;https://automoto.com.lv/ru/obzory-avto/genesis/gv60/2025/340.html;True;False;;PASS
https://automoto.com.lv/ru/obzory-avto/genesis/gv80/2025/374.html;200;False;False;https://automoto.com.lv/ru/obzory-avto/genesis/gv80/2025/374.html;True;False;;PASS
https://automoto.com.lv/ru/obzory-avto/gmc/acadia/2023/81.html;200;False;False;https://automoto.com.lv/ru/obzory-avto/gmc/acadia/2023/81.html;True;False;;PASS
https://automoto.com.lv/ru/obzory-avto/gmc/canyon/2023/142.html;200;False;False;https://automoto.com.lv/ru/obzory-avto/gmc/canyon/2023/142.html;True;False;;PASS
https://automoto.com.lv/ru/obzory-avto/gmc/hummer-ev-suv/2025/318.html;200;False;False;https://automoto.com.lv/ru/obzory-avto/gmc/hummer-ev-suv/2025/318.html;True;False;;PASS
https://automoto.com.lv/ru/obzory-avto/gmc/sierra/2023/192.html;200;False;False;https://automoto.com.lv/ru/obzory-avto/gmc/sierra/2023/192.html;True;False;;PASS
https://automoto.com.lv/ru/obzory-avto/gmc/terrain/2023/150.html;200;False;False;https://automoto.com.lv/ru/obzory-avto/gmc/terrain/2023/150.html;True;False;;PASS
https://automoto.com.lv/ru/obzory-avto/gmc/yukon/2023/185.html;200;False;False;https://automoto.com.lv/ru/obzory-avto/gmc/yukon/2023/185.html;True;False;;PASS
https://automoto.com.lv/ru/obzory-avto/honda/accord/2023/132.html;200;False;False;https://automoto.com.lv/ru/obzory-avto/honda/accord/2023/132.html;True;False;;PASS
https://automoto.com.lv/ru/obzory-avto/honda/accord/2024/238.html;200;False;False;https://automoto.com.lv/ru/obzory-avto/honda/accord/2024/238.html;True;False;;PASS
https://automoto.com.lv/ru/obzory-avto/honda/accord/2025/373.html;200;False;False;https://automoto.com.lv/ru/obzory-avto/honda/accord/2025/373.html;True;False;;PASS
https://automoto.com.lv/ru/obzory-avto/honda/civic/2024/264.html;200;False;False;https://automoto.com.lv/ru/obzory-avto/honda/civic/2024/264.html;True;False;;PASS
https://automoto.com.lv/ru/obzory-avto/honda/civic/2025/336.html;200;False;False;https://automoto.com.lv/ru/obzory-avto/honda/civic/2025/336.html;True;False;;PASS
https://automoto.com.lv/ru/obzory-avto/honda/cr-v/2024/294.html;200;False;False;https://automoto.com.lv/ru/obzory-avto/honda/cr-v/2024/294.html;True;False;;PASS
https://automoto.com.lv/ru/obzory-avto/honda/cr-v/2025/332.html;200;False;False;https://automoto.com.lv/ru/obzory-avto/honda/cr-v/2025/332.html;True;False;;PASS
https://automoto.com.lv/ru/obzory-avto/honda/hr-v/2023/154.html;200;False;False;https://automoto.com.lv/ru/obzory-avto/honda/hr-v/2023/154.html;True;False;;PASS
https://automoto.com.lv/ru/obzory-avto/honda/hr-v/2024/200.html;200;False;False;https://automoto.com.lv/ru/obzory-avto/honda/hr-v/2024/200.html;True;False;;PASS
https://automoto.com.lv/ru/obzory-avto/honda/hr-v/2025/353.html;200;False;False;https://automoto.com.lv/ru/obzory-avto/honda/hr-v/2025/353.html;True;False;;PASS
https://automoto.com.lv/ru/obzory-avto/honda/passport/2024/221.html;200;False;False;https://automoto.com.lv/ru/obzory-avto/honda/passport/2024/221.html;True;False;;PASS
https://automoto.com.lv/ru/obzory-avto/honda/pilot/2024/279.html;200;False;False;https://automoto.com.lv/ru/obzory-avto/honda/pilot/2024/279.html;True;False;;PASS
https://automoto.com.lv/ru/obzory-avto/honda/prologue/2024/269.html;200;False;False;https://automoto.com.lv/ru/obzory-avto/honda/prologue/2024/269.html;True;False;;PASS
https://automoto.com.lv/ru/obzory-avto/hyundai/elantra-hybrid/2023/91.html;200;False;False;https://automoto.com.lv/ru/obzory-avto/hyundai/elantra-hybrid/2023/91.html;True;False;;PASS
https://automoto.com.lv/ru/obzory-avto/hyundai/elantra-hybrid/2024/273.html;200;False;False;https://automoto.com.lv/ru/obzory-avto/hyundai/elantra-hybrid/2024/273.html;True;False;;PASS
https://automoto.com.lv/ru/obzory-avto/hyundai/elantra/2023/100.html;200;False;False;https://automoto.com.lv/ru/obzory-avto/hyundai/elantra/2023/100.html;True;False;;PASS
https://automoto.com.lv/ru/obzory-avto/hyundai/elantra/2024/234.html;200;False;False;https://automoto.com.lv/ru/obzory-avto/hyundai/elantra/2024/234.html;True;False;;PASS
https://automoto.com.lv/ru/obzory-avto/hyundai/elantra/2025/358.html;200;False;False;https://automoto.com.lv/ru/obzory-avto/hyundai/elantra/2025/358.html;True;False;;PASS
https://automoto.com.lv/ru/obzory-avto/hyundai/ioniq-5/2022/69.html;200;False;False;https://automoto.com.lv/ru/obzory-avto/hyundai/ioniq-5/2022/69.html;True;False;;PASS
https://automoto.com.lv/ru/obzory-avto/hyundai/ioniq-5/2026/396.html;200;False;False;https://automoto.com.lv/ru/obzory-avto/hyundai/ioniq-5/2026/396.html;True;False;;PASS
https://automoto.com.lv/ru/obzory-avto/hyundai/ioniq-6/2024/308.html;200;False;False;https://automoto.com.lv/ru/obzory-avto/hyundai/ioniq-6/2024/308.html;True;False;;PASS
https://automoto.com.lv/ru/obzory-avto/hyundai/kona-electric/2022/72.html;200;False;False;https://automoto.com.lv/ru/obzory-avto/hyundai/kona-electric/2022/72.html;True;False;;PASS
https://automoto.com.lv/ru/obzory-avto/hyundai/kona/2023/109.html;200;False;False;https://automoto.com.lv/ru/obzory-avto/hyundai/kona/2023/109.html;True;False;;PASS
https://automoto.com.lv/ru/obzory-avto/hyundai/kona/2024/292.html;200;False;False;https://automoto.com.lv/ru/obzory-avto/hyundai/kona/2024/292.html;True;False;;PASS
https://automoto.com.lv/ru/obzory-avto/hyundai/kona/2025/328.html;200;False;False;https://automoto.com.lv/ru/obzory-avto/hyundai/kona/2025/328.html;True;False;;PASS
https://automoto.com.lv/ru/obzory-avto/hyundai/palisade/2024/297.html;200;False;False;https://automoto.com.lv/ru/obzory-avto/hyundai/palisade/2024/297.html;True;False;;PASS
https://automoto.com.lv/ru/obzory-avto/hyundai/santa-cruz/2023/87.html;200;False;False;https://automoto.com.lv/ru/obzory-avto/hyundai/santa-cruz/2023/87.html;True;False;;PASS
https://automoto.com.lv/ru/obzory-avto/hyundai/santa-fe/2023/118.html;200;False;False;https://automoto.com.lv/ru/obzory-avto/hyundai/santa-fe/2023/118.html;True;False;;PASS
https://automoto.com.lv/ru/obzory-avto/hyundai/sonata-hybrid/2025/348.html;200;False;False;https://automoto.com.lv/ru/obzory-avto/hyundai/sonata-hybrid/2025/348.html;True;False;;PASS
https://automoto.com.lv/ru/obzory-avto/hyundai/tucson/2023/113.html;200;False;False;https://automoto.com.lv/ru/obzory-avto/hyundai/tucson/2023/113.html;True;False;;PASS
https://automoto.com.lv/ru/obzory-avto/hyundai/tucson/2024/204.html;200;False;False;https://automoto.com.lv/ru/obzory-avto/hyundai/tucson/2024/204.html;True;False;;PASS
https://automoto.com.lv/ru/obzory-avto/hyundai/tucson/2025/347.html;200;False;False;https://automoto.com.lv/ru/obzory-avto/hyundai/tucson/2025/347.html;True;False;;PASS
https://automoto.com.lv/ru/obzory-avto/infiniti/q50/2023/125.html;200;False;False;https://automoto.com.lv/ru/obzory-avto/infiniti/q50/2023/125.html;True;False;;PASS
https://automoto.com.lv/ru/obzory-avto/infiniti/qx50/2025/343.html;200;False;False;https://automoto.com.lv/ru/obzory-avto/infiniti/qx50/2025/343.html;True;False;;PASS
https://automoto.com.lv/ru/obzory-avto/infiniti/qx80/2023/171.html;200;False;False;https://automoto.com.lv/ru/obzory-avto/infiniti/qx80/2023/171.html;True;False;;PASS
https://automoto.com.lv/ru/obzory-avto/infiniti/qx80/2024/227.html;200;False;False;https://automoto.com.lv/ru/obzory-avto/infiniti/qx80/2024/227.html;True;False;;PASS
https://automoto.com.lv/ru/obzory-avto/jaguar/f-pace/2022/54.html;200;False;False;https://automoto.com.lv/ru/obzory-avto/jaguar/f-pace/2022/54.html;True;False;;PASS
https://automoto.com.lv/ru/obzory-avto/jaguar/f-pace/2023/187.html;200;False;False;https://automoto.com.lv/ru/obzory-avto/jaguar/f-pace/2023/187.html;True;False;;PASS
https://automoto.com.lv/ru/obzory-avto/jaguar/f-pace/2024/265.html;200;False;False;https://automoto.com.lv/ru/obzory-avto/jaguar/f-pace/2024/265.html;True;False;;PASS
https://automoto.com.lv/ru/obzory-avto/jaguar/f-pace/2025/324.html;200;False;False;https://automoto.com.lv/ru/obzory-avto/jaguar/f-pace/2025/324.html;True;False;;PASS
https://automoto.com.lv/ru/obzory-avto/jaguar/f-type/2022/39.html;200;False;False;https://automoto.com.lv/ru/obzory-avto/jaguar/f-type/2022/39.html;True;False;;PASS
https://automoto.com.lv/ru/obzory-avto/jaguar/f-type/2024/233.html;200;False;False;https://automoto.com.lv/ru/obzory-avto/jaguar/f-type/2024/233.html;True;False;;PASS
https://automoto.com.lv/ru/obzory-avto/jaguar/i-pace/2023/106.html;200;False;False;https://automoto.com.lv/ru/obzory-avto/jaguar/i-pace/2023/106.html;True;False;;PASS
https://automoto.com.lv/ru/obzory-avto/jaguar/i-pace/2024/257.html;200;False;False;https://automoto.com.lv/ru/obzory-avto/jaguar/i-pace/2024/257.html;True;False;;PASS
https://automoto.com.lv/ru/obzory-avto/jaguar/xf/2024/222.html;200;False;False;https://automoto.com.lv/ru/obzory-avto/jaguar/xf/2024/222.html;True;False;;PASS
https://automoto.com.lv/ru/obzory-avto/jeep/compass/2022/63.html;200;False;False;https://automoto.com.lv/ru/obzory-avto/jeep/compass/2022/63.html;True;False;;PASS
https://automoto.com.lv/ru/obzory-avto/jeep/compass/2023/131.html;200;False;False;https://automoto.com.lv/ru/obzory-avto/jeep/compass/2023/131.html;True;False;;PASS
https://automoto.com.lv/ru/obzory-avto/jeep/compass/2025/311.html;200;False;False;https://automoto.com.lv/ru/obzory-avto/jeep/compass/2025/311.html;True;False;;PASS
https://automoto.com.lv/ru/obzory-avto/jeep/grand-cherokee/2023/101.html;200;False;False;https://automoto.com.lv/ru/obzory-avto/jeep/grand-cherokee/2023/101.html;True;False;;PASS
https://automoto.com.lv/ru/obzory-avto/jeep/grand-cherokee/2024/237.html;200;False;False;https://automoto.com.lv/ru/obzory-avto/jeep/grand-cherokee/2024/237.html;True;False;;PASS
https://automoto.com.lv/ru/obzory-avto/jeep/grand-cherokee/2025/345.html;200;False;False;https://automoto.com.lv/ru/obzory-avto/jeep/grand-cherokee/2025/345.html;True;False;;PASS
https://automoto.com.lv/ru/obzory-avto/jeep/grand-wagoneer/2024/223.html;200;False;False;https://automoto.com.lv/ru/obzory-avto/jeep/grand-wagoneer/2024/223.html;True;False;;PASS
https://automoto.com.lv/ru/obzory-avto/jeep/grand-wagoneer/2025/359.html;200;False;False;https://automoto.com.lv/ru/obzory-avto/jeep/grand-wagoneer/2025/359.html;True;False;;PASS
https://automoto.com.lv/ru/obzory-avto/jeep/wrangler/2023/158.html;200;False;False;https://automoto.com.lv/ru/obzory-avto/jeep/wrangler/2023/158.html;True;False;;PASS
https://automoto.com.lv/ru/obzory-avto/jeep/wrangler/2024/207.html;200;False;False;https://automoto.com.lv/ru/obzory-avto/jeep/wrangler/2024/207.html;True;False;;PASS
https://automoto.com.lv/ru/obzory-avto/kia/ev6/2023/177.html;200;False;False;https://automoto.com.lv/ru/obzory-avto/kia/ev6/2023/177.html;True;False;;PASS
https://automoto.com.lv/ru/obzory-avto/kia/forte/2023/122.html;200;False;False;https://automoto.com.lv/ru/obzory-avto/kia/forte/2023/122.html;True;False;;PASS
https://automoto.com.lv/ru/obzory-avto/kia/k5/2023/89.html;200;False;False;https://automoto.com.lv/ru/obzory-avto/kia/k5/2023/89.html;True;False;;PASS
https://automoto.com.lv/ru/obzory-avto/kia/k5/2024/286.html;200;False;False;https://automoto.com.lv/ru/obzory-avto/kia/k5/2024/286.html;True;False;;PASS
https://automoto.com.lv/ru/obzory-avto/kia/k5/2025/368.html;200;False;False;https://automoto.com.lv/ru/obzory-avto/kia/k5/2025/368.html;True;False;;PASS
https://automoto.com.lv/ru/obzory-avto/kia/niro-ev/2022/68.html;200;False;False;https://automoto.com.lv/ru/obzory-avto/kia/niro-ev/2022/68.html;True;False;;PASS
https://automoto.com.lv/ru/obzory-avto/kia/niro/2023/147.html;200;False;False;https://automoto.com.lv/ru/obzory-avto/kia/niro/2023/147.html;True;False;;PASS
https://automoto.com.lv/ru/obzory-avto/kia/sorento/2023/166.html;200;False;False;https://automoto.com.lv/ru/obzory-avto/kia/sorento/2023/166.html;True;False;;PASS
https://automoto.com.lv/ru/obzory-avto/kia/sorento/2024/271.html;200;False;False;https://automoto.com.lv/ru/obzory-avto/kia/sorento/2024/271.html;True;False;;PASS
https://automoto.com.lv/ru/obzory-avto/kia/sorento/2025/312.html;200;False;False;https://automoto.com.lv/ru/obzory-avto/kia/sorento/2025/312.html;True;False;;PASS
https://automoto.com.lv/ru/obzory-avto/kia/soul/2025/323.html;200;False;False;https://automoto.com.lv/ru/obzory-avto/kia/soul/2025/323.html;True;False;;PASS
https://automoto.com.lv/ru/obzory-avto/kia/sportage/2024/243.html;200;False;False;https://automoto.com.lv/ru/obzory-avto/kia/sportage/2024/243.html;True;False;;PASS
https://automoto.com.lv/ru/obzory-avto/kia/sportage/2025/341.html;200;False;False;https://automoto.com.lv/ru/obzory-avto/kia/sportage/2025/341.html;True;False;;PASS
https://automoto.com.lv/ru/obzory-avto/kia/telluride/2024/236.html;200;False;False;https://automoto.com.lv/ru/obzory-avto/kia/telluride/2024/236.html;True;False;;PASS
https://automoto.com.lv/ru/obzory-avto/land-rover/defender/2025/371.html;200;False;False;https://automoto.com.lv/ru/obzory-avto/land-rover/defender/2025/371.html;True;False;;PASS
https://automoto.com.lv/ru/obzory-avto/land-rover/discovery/2022/55.html;200;False;False;https://automoto.com.lv/ru/obzory-avto/land-rover/discovery/2022/55.html;True;False;;PASS
https://automoto.com.lv/ru/obzory-avto/land-rover/discovery/2023/78.html;200;False;False;https://automoto.com.lv/ru/obzory-avto/land-rover/discovery/2023/78.html;True;False;;PASS
https://automoto.com.lv/ru/obzory-avto/land-rover/range-rover-evoque/2023/153.html;200;False;False;https://automoto.com.lv/ru/obzory-avto/land-rover/range-rover-evoque/2023/153.html;True;False;;PASS
https://automoto.com.lv/ru/obzory-avto/land-rover/range-rover-evoque/2025/363.html;200;False;False;https://automoto.com.lv/ru/obzory-avto/land-rover/range-rover-evoque/2025/363.html;True;False;;PASS
https://automoto.com.lv/ru/obzory-avto/land-rover/range-rover-velar/2023/186.html;200;False;False;https://automoto.com.lv/ru/obzory-avto/land-rover/range-rover-velar/2023/186.html;True;False;;PASS
https://automoto.com.lv/ru/obzory-avto/land-rover/range-rover-velar/2024/300.html;200;False;False;https://automoto.com.lv/ru/obzory-avto/land-rover/range-rover-velar/2024/300.html;True;False;;PASS
https://automoto.com.lv/ru/obzory-avto/land-rover/range-rover/2024/242.html;200;False;False;https://automoto.com.lv/ru/obzory-avto/land-rover/range-rover/2024/242.html;True;False;;PASS
https://automoto.com.lv/ru/obzory-avto/land-rover/range-rover/2025/335.html;200;False;False;https://automoto.com.lv/ru/obzory-avto/land-rover/range-rover/2025/335.html;True;False;;PASS
https://automoto.com.lv/ru/obzory-avto/lexus/es/2024/263.html;200;False;False;https://automoto.com.lv/ru/obzory-avto/lexus/es/2024/263.html;True;False;;PASS
https://automoto.com.lv/ru/obzory-avto/lexus/gx/2022/47.html;200;False;False;https://automoto.com.lv/ru/obzory-avto/lexus/gx/2022/47.html;True;False;;PASS
https://automoto.com.lv/ru/obzory-avto/lexus/gx/2023/90.html;200;False;False;https://automoto.com.lv/ru/obzory-avto/lexus/gx/2023/90.html;True;False;;PASS
https://automoto.com.lv/ru/obzory-avto/lexus/gx/2024/252.html;200;False;False;https://automoto.com.lv/ru/obzory-avto/lexus/gx/2024/252.html;True;False;;PASS
https://automoto.com.lv/ru/obzory-avto/lexus/is/2023/97.html;200;False;False;https://automoto.com.lv/ru/obzory-avto/lexus/is/2023/97.html;True;False;;PASS
https://automoto.com.lv/ru/obzory-avto/lexus/is/2025/367.html;200;False;False;https://automoto.com.lv/ru/obzory-avto/lexus/is/2025/367.html;True;False;;PASS
https://automoto.com.lv/ru/obzory-avto/lexus/lc/2023/120.html;200;False;False;https://automoto.com.lv/ru/obzory-avto/lexus/lc/2023/120.html;True;False;;PASS
https://automoto.com.lv/ru/obzory-avto/lexus/ls/2025/344.html;200;False;False;https://automoto.com.lv/ru/obzory-avto/lexus/ls/2025/344.html;True;False;;PASS
https://automoto.com.lv/ru/obzory-avto/lexus/lx/2023/162.html;200;False;False;https://automoto.com.lv/ru/obzory-avto/lexus/lx/2023/162.html;True;False;;PASS
https://automoto.com.lv/ru/obzory-avto/lexus/lx/2024/284.html;200;False;False;https://automoto.com.lv/ru/obzory-avto/lexus/lx/2024/284.html;True;False;;PASS
https://automoto.com.lv/ru/obzory-avto/lexus/lx/2025/376.html;200;False;False;https://automoto.com.lv/ru/obzory-avto/lexus/lx/2025/376.html;True;False;;PASS
https://automoto.com.lv/ru/obzory-avto/lexus/nx/2023/155.html;200;False;False;https://automoto.com.lv/ru/obzory-avto/lexus/nx/2023/155.html;True;False;;PASS
https://automoto.com.lv/ru/obzory-avto/lexus/nx/2024/218.html;200;False;False;https://automoto.com.lv/ru/obzory-avto/lexus/nx/2024/218.html;True;False;;PASS
https://automoto.com.lv/ru/obzory-avto/lexus/rx-350/2025/346.html;200;False;False;https://automoto.com.lv/ru/obzory-avto/lexus/rx-350/2025/346.html;True;False;;PASS
https://automoto.com.lv/ru/obzory-avto/lexus/rx/2023/104.html;200;False;False;https://automoto.com.lv/ru/obzory-avto/lexus/rx/2023/104.html;True;False;;PASS
https://automoto.com.lv/ru/obzory-avto/lexus/tx/2026/394.html;200;False;False;https://automoto.com.lv/ru/obzory-avto/lexus/tx/2026/394.html;True;False;;PASS
https://automoto.com.lv/ru/obzory-avto/lincoln/aviator/2023/191.html;200;False;False;https://automoto.com.lv/ru/obzory-avto/lincoln/aviator/2023/191.html;True;False;;PASS
https://automoto.com.lv/ru/obzory-avto/lincoln/corsair/2025/305.html;200;False;False;https://automoto.com.lv/ru/obzory-avto/lincoln/corsair/2025/305.html;True;False;;PASS
https://automoto.com.lv/ru/obzory-avto/maserati/grecale-folgore/2025/315.html;200;False;False;https://automoto.com.lv/ru/obzory-avto/maserati/grecale-folgore/2025/315.html;True;False;;PASS
https://automoto.com.lv/ru/obzory-avto/maserati/grecale/2024/274.html;200;False;False;https://automoto.com.lv/ru/obzory-avto/maserati/grecale/2024/274.html;True;False;;PASS
https://automoto.com.lv/ru/obzory-avto/maserati/levante/2023/193.html;200;False;False;https://automoto.com.lv/ru/obzory-avto/maserati/levante/2023/193.html;True;False;;PASS
https://automoto.com.lv/ru/obzory-avto/maserati/levante/2024/302.html;200;False;False;https://automoto.com.lv/ru/obzory-avto/maserati/levante/2024/302.html;True;False;;PASS
https://automoto.com.lv/ru/obzory-avto/mazda/3/2023/167.html;200;False;False;https://automoto.com.lv/ru/obzory-avto/mazda/3/2023/167.html;True;False;;PASS
https://automoto.com.lv/ru/obzory-avto/mazda/3/2024/240.html;200;False;False;https://automoto.com.lv/ru/obzory-avto/mazda/3/2024/240.html;True;False;;PASS
https://automoto.com.lv/ru/obzory-avto/mazda/cx-30/2023/121.html;200;False;False;https://automoto.com.lv/ru/obzory-avto/mazda/cx-30/2023/121.html;True;False;;PASS
https://automoto.com.lv/ru/obzory-avto/mazda/cx-5/2023/126.html;200;False;False;https://automoto.com.lv/ru/obzory-avto/mazda/cx-5/2023/126.html;True;False;;PASS
https://automoto.com.lv/ru/obzory-avto/mazda/cx-5/2024/266.html;200;False;False;https://automoto.com.lv/ru/obzory-avto/mazda/cx-5/2024/266.html;True;False;;PASS
https://automoto.com.lv/ru/obzory-avto/mazda/cx-50/2023/76.html;200;False;False;https://automoto.com.lv/ru/obzory-avto/mazda/cx-50/2023/76.html;True;False;;PASS
https://automoto.com.lv/ru/obzory-avto/mazda/cx-50/2024/288.html;200;False;False;https://automoto.com.lv/ru/obzory-avto/mazda/cx-50/2024/288.html;True;False;;PASS
https://automoto.com.lv/ru/obzory-avto/mazda/cx-50/2025/379.html;200;False;False;https://automoto.com.lv/ru/obzory-avto/mazda/cx-50/2025/379.html;True;False;;PASS
https://automoto.com.lv/ru/obzory-avto/mazda/cx-9/2023/146.html;200;False;False;https://automoto.com.lv/ru/obzory-avto/mazda/cx-9/2023/146.html;True;False;;PASS
https://automoto.com.lv/ru/obzory-avto/mercedes-benz/c-class/2024/246.html;200;False;False;https://automoto.com.lv/ru/obzory-avto/mercedes-benz/c-class/2024/246.html;True;False;;PASS
https://automoto.com.lv/ru/obzory-avto/mercedes-benz/c-class/2025/334.html;200;False;False;https://automoto.com.lv/ru/obzory-avto/mercedes-benz/c-class/2025/334.html;True;False;;PASS
https://automoto.com.lv/ru/obzory-avto/mercedes-benz/cls-class/2023/137.html;200;False;False;https://automoto.com.lv/ru/obzory-avto/mercedes-benz/cls-class/2023/137.html;True;False;;PASS
https://automoto.com.lv/ru/obzory-avto/mercedes-benz/eqs/2022/43.html;200;False;False;https://automoto.com.lv/ru/obzory-avto/mercedes-benz/eqs/2022/43.html;True;False;;PASS
https://automoto.com.lv/ru/obzory-avto/mercedes-benz/eqs/2025/325.html;200;False;False;https://automoto.com.lv/ru/obzory-avto/mercedes-benz/eqs/2025/325.html;True;False;;PASS
https://automoto.com.lv/ru/obzory-avto/mercedes-benz/g-class/2023/148.html;200;False;False;https://automoto.com.lv/ru/obzory-avto/mercedes-benz/g-class/2023/148.html;True;False;;PASS
https://automoto.com.lv/ru/obzory-avto/mercedes-benz/g-class/2025/384.html;200;False;False;https://automoto.com.lv/ru/obzory-avto/mercedes-benz/g-class/2025/384.html;True;False;;PASS
https://automoto.com.lv/ru/obzory-avto/mercedes-benz/gla-class/2024/267.html;200;False;False;https://automoto.com.lv/ru/obzory-avto/mercedes-benz/gla-class/2024/267.html;True;False;;PASS
https://automoto.com.lv/ru/obzory-avto/mercedes-benz/glb-class/2024/285.html;200;False;False;https://automoto.com.lv/ru/obzory-avto/mercedes-benz/glb-class/2024/285.html;True;False;;PASS
https://automoto.com.lv/ru/obzory-avto/mercedes-benz/glb-class/2025/351.html;200;False;False;https://automoto.com.lv/ru/obzory-avto/mercedes-benz/glb-class/2025/351.html;True;False;;PASS
https://automoto.com.lv/ru/obzory-avto/mercedes-benz/glc-class/2022/50.html;200;False;False;https://automoto.com.lv/ru/obzory-avto/mercedes-benz/glc-class/2022/50.html;True;False;;PASS
https://automoto.com.lv/ru/obzory-avto/mercedes-benz/glc-class/2024/277.html;200;False;False;https://automoto.com.lv/ru/obzory-avto/mercedes-benz/glc-class/2024/277.html;True;False;;PASS
https://automoto.com.lv/ru/obzory-avto/mercedes-benz/glc-class/2025/355.html;200;False;False;https://automoto.com.lv/ru/obzory-avto/mercedes-benz/glc-class/2025/355.html;True;False;;PASS
https://automoto.com.lv/ru/obzory-avto/mercedes-benz/gle-class/2023/195.html;200;False;False;https://automoto.com.lv/ru/obzory-avto/mercedes-benz/gle-class/2023/195.html;True;False;;PASS
https://automoto.com.lv/ru/obzory-avto/mercedes-benz/gle-class/2024/256.html;200;False;False;https://automoto.com.lv/ru/obzory-avto/mercedes-benz/gle-class/2024/256.html;True;False;;PASS
https://automoto.com.lv/ru/obzory-avto/mercedes-benz/gls-class/2023/151.html;200;False;False;https://automoto.com.lv/ru/obzory-avto/mercedes-benz/gls-class/2023/151.html;True;False;;PASS
https://automoto.com.lv/ru/obzory-avto/mercedes-benz/gls-class/2025/314.html;200;False;False;https://automoto.com.lv/ru/obzory-avto/mercedes-benz/gls-class/2025/314.html;True;False;;PASS
https://automoto.com.lv/ru/obzory-avto/mercedes-benz/s-class/2024/301.html;200;False;False;https://automoto.com.lv/ru/obzory-avto/mercedes-benz/s-class/2024/301.html;True;False;;PASS
https://automoto.com.lv/ru/obzory-avto/mini/cooper/2026/397.html;200;False;False;https://automoto.com.lv/ru/obzory-avto/mini/cooper/2026/397.html;True;False;;PASS
https://automoto.com.lv/ru/obzory-avto/mini/countryman/2023/136.html;200;False;False;https://automoto.com.lv/ru/obzory-avto/mini/countryman/2023/136.html;True;False;;PASS
https://automoto.com.lv/ru/obzory-avto/mini/countryman/2025/364.html;200;False;False;https://automoto.com.lv/ru/obzory-avto/mini/countryman/2025/364.html;True;False;;PASS
https://automoto.com.lv/ru/obzory-avto/mitsubishi/eclipse-cross/2023/92.html;200;False;False;https://automoto.com.lv/ru/obzory-avto/mitsubishi/eclipse-cross/2023/92.html;True;False;;PASS
https://automoto.com.lv/ru/obzory-avto/mitsubishi/eclipse-cross/2024/254.html;200;False;False;https://automoto.com.lv/ru/obzory-avto/mitsubishi/eclipse-cross/2024/254.html;True;False;;PASS
https://automoto.com.lv/ru/obzory-avto/mitsubishi/eclipse-cross/2025/307.html;200;False;False;https://automoto.com.lv/ru/obzory-avto/mitsubishi/eclipse-cross/2025/307.html;True;False;;PASS
https://automoto.com.lv/ru/obzory-avto/mitsubishi/outlander/2023/112.html;200;False;False;https://automoto.com.lv/ru/obzory-avto/mitsubishi/outlander/2023/112.html;True;False;;PASS
https://automoto.com.lv/ru/obzory-avto/mitsubishi/outlander/2024/201.html;200;False;False;https://automoto.com.lv/ru/obzory-avto/mitsubishi/outlander/2024/201.html;True;False;;PASS
https://automoto.com.lv/ru/obzory-avto/mitsubishi/outlander/2025/386.html;200;False;False;https://automoto.com.lv/ru/obzory-avto/mitsubishi/outlander/2025/386.html;True;False;;PASS
https://automoto.com.lv/ru/obzory-avto/nissan/altima/2022/73.html;200;False;False;https://automoto.com.lv/ru/obzory-avto/nissan/altima/2022/73.html;True;False;;PASS
https://automoto.com.lv/ru/obzory-avto/nissan/altima/2024/278.html;200;False;False;https://automoto.com.lv/ru/obzory-avto/nissan/altima/2024/278.html;True;False;;PASS
https://automoto.com.lv/ru/obzory-avto/nissan/altima/2025/322.html;200;False;False;https://automoto.com.lv/ru/obzory-avto/nissan/altima/2025/322.html;True;False;;PASS
https://automoto.com.lv/ru/obzory-avto/nissan/frontier/2025/383.html;200;False;False;https://automoto.com.lv/ru/obzory-avto/nissan/frontier/2025/383.html;True;False;;PASS
https://automoto.com.lv/ru/obzory-avto/nissan/gt-r/2023/140.html;200;False;False;https://automoto.com.lv/ru/obzory-avto/nissan/gt-r/2023/140.html;True;False;;PASS
https://automoto.com.lv/ru/obzory-avto/nissan/gt-r/2024/232.html;200;False;False;https://automoto.com.lv/ru/obzory-avto/nissan/gt-r/2024/232.html;True;False;;PASS
https://automoto.com.lv/ru/obzory-avto/nissan/leaf/2025/309.html;200;False;False;https://automoto.com.lv/ru/obzory-avto/nissan/leaf/2025/309.html;True;False;;PASS
https://automoto.com.lv/ru/obzory-avto/nissan/murano/2023/79.html;200;False;False;https://automoto.com.lv/ru/obzory-avto/nissan/murano/2023/79.html;True;False;;PASS
https://automoto.com.lv/ru/obzory-avto/nissan/murano/2024/270.html;200;False;False;https://automoto.com.lv/ru/obzory-avto/nissan/murano/2024/270.html;True;False;;PASS
https://automoto.com.lv/ru/obzory-avto/nissan/rogue/2023/170.html;200;False;False;https://automoto.com.lv/ru/obzory-avto/nissan/rogue/2023/170.html;True;False;;PASS
https://automoto.com.lv/ru/obzory-avto/nissan/rogue/2025/331.html;200;False;False;https://automoto.com.lv/ru/obzory-avto/nissan/rogue/2025/331.html;True;False;;PASS
https://automoto.com.lv/ru/obzory-avto/nissan/sentra/2023/157.html;200;False;False;https://automoto.com.lv/ru/obzory-avto/nissan/sentra/2023/157.html;True;False;;PASS
https://automoto.com.lv/ru/obzory-avto/polestar/2/2024/275.html;200;False;False;https://automoto.com.lv/ru/obzory-avto/polestar/2/2024/275.html;True;False;;PASS
https://automoto.com.lv/ru/obzory-avto/porsche/cayenne/2023/133.html;200;False;False;https://automoto.com.lv/ru/obzory-avto/porsche/cayenne/2023/133.html;True;False;;PASS
https://automoto.com.lv/ru/obzory-avto/porsche/cayenne/2024/217.html;200;False;False;https://automoto.com.lv/ru/obzory-avto/porsche/cayenne/2024/217.html;True;False;;PASS
https://automoto.com.lv/ru/obzory-avto/porsche/cayman/2023/152.html;200;False;False;https://automoto.com.lv/ru/obzory-avto/porsche/cayman/2023/152.html;True;False;;PASS
https://automoto.com.lv/ru/obzory-avto/porsche/cayman/2024/281.html;200;False;False;https://automoto.com.lv/ru/obzory-avto/porsche/cayman/2024/281.html;True;False;;PASS
https://automoto.com.lv/ru/obzory-avto/porsche/macan/2023/82.html;200;False;False;https://automoto.com.lv/ru/obzory-avto/porsche/macan/2023/82.html;True;False;;PASS
https://automoto.com.lv/ru/obzory-avto/porsche/macan/2024/249.html;200;False;False;https://automoto.com.lv/ru/obzory-avto/porsche/macan/2024/249.html;True;False;;PASS
https://automoto.com.lv/ru/obzory-avto/porsche/macan/2025/330.html;200;False;False;https://automoto.com.lv/ru/obzory-avto/porsche/macan/2025/330.html;True;False;;PASS
https://automoto.com.lv/ru/obzory-avto/porsche/panamera/2023/128.html;200;False;False;https://automoto.com.lv/ru/obzory-avto/porsche/panamera/2023/128.html;True;False;;PASS
https://automoto.com.lv/ru/obzory-avto/porsche/panamera/2024/298.html;200;False;False;https://automoto.com.lv/ru/obzory-avto/porsche/panamera/2024/298.html;True;False;;PASS
https://automoto.com.lv/ru/obzory-avto/porsche/taycan/2023/117.html;200;False;False;https://automoto.com.lv/ru/obzory-avto/porsche/taycan/2023/117.html;True;False;;PASS
https://automoto.com.lv/ru/obzory-avto/porsche/taycan/2024/245.html;200;False;False;https://automoto.com.lv/ru/obzory-avto/porsche/taycan/2024/245.html;True;False;;PASS
https://automoto.com.lv/ru/obzory-avto/porsche/taycan/2025/316.html;200;False;False;https://automoto.com.lv/ru/obzory-avto/porsche/taycan/2025/316.html;True;False;;PASS
https://automoto.com.lv/ru/obzory-avto/renault/zoe/2022/56.html;200;False;False;https://automoto.com.lv/ru/obzory-avto/renault/zoe/2022/56.html;True;False;;PASS
https://automoto.com.lv/ru/obzory-avto/renault/zoe/2025/388.html;200;False;False;https://automoto.com.lv/ru/obzory-avto/renault/zoe/2025/388.html;False;False;;PASS
https://automoto.com.lv/ru/obzory-avto/skoda/enyaq-iv/2022/70.html;200;False;False;https://automoto.com.lv/ru/obzory-avto/skoda/enyaq-iv/2022/70.html;True;False;;PASS
https://automoto.com.lv/ru/obzory-avto/subaru/ascent/2023/135.html;200;False;False;https://automoto.com.lv/ru/obzory-avto/subaru/ascent/2023/135.html;True;False;;PASS
https://automoto.com.lv/ru/obzory-avto/subaru/crosstrek/2023/183.html;200;False;False;https://automoto.com.lv/ru/obzory-avto/subaru/crosstrek/2023/183.html;True;False;;PASS
https://automoto.com.lv/ru/obzory-avto/subaru/forester/2023/116.html;200;False;False;https://automoto.com.lv/ru/obzory-avto/subaru/forester/2023/116.html;True;False;;PASS
https://automoto.com.lv/ru/obzory-avto/subaru/forester/2024/241.html;200;False;False;https://automoto.com.lv/ru/obzory-avto/subaru/forester/2024/241.html;True;False;;PASS
https://automoto.com.lv/ru/obzory-avto/subaru/forester/2025/352.html;200;False;False;https://automoto.com.lv/ru/obzory-avto/subaru/forester/2025/352.html;True;False;;PASS
https://automoto.com.lv/ru/obzory-avto/subaru/impreza/2023/181.html;200;False;False;https://automoto.com.lv/ru/obzory-avto/subaru/impreza/2023/181.html;True;False;;PASS
https://automoto.com.lv/ru/obzory-avto/subaru/solterra/2023/75.html;200;False;False;https://automoto.com.lv/ru/obzory-avto/subaru/solterra/2023/75.html;True;False;;PASS
https://automoto.com.lv/ru/obzory-avto/subaru/solterra/2025/393.html;200;False;False;https://automoto.com.lv/ru/obzory-avto/subaru/solterra/2025/393.html;True;False;;PASS
https://automoto.com.lv/ru/obzory-avto/tesla/model-3/2022/53.html;200;False;False;https://automoto.com.lv/ru/obzory-avto/tesla/model-3/2022/53.html;True;False;;PASS
https://automoto.com.lv/ru/obzory-avto/tesla/model-3/2023/156.html;200;False;False;https://automoto.com.lv/ru/obzory-avto/tesla/model-3/2023/156.html;True;False;;PASS
https://automoto.com.lv/ru/obzory-avto/tesla/model-s/2023/149.html;200;False;False;https://automoto.com.lv/ru/obzory-avto/tesla/model-s/2023/149.html;True;False;;PASS
https://automoto.com.lv/ru/obzory-avto/tesla/model-s/2024/230.html;200;False;False;https://automoto.com.lv/ru/obzory-avto/tesla/model-s/2024/230.html;True;False;;PASS
https://automoto.com.lv/ru/obzory-avto/tesla/model-x/2022/58.html;200;False;False;https://automoto.com.lv/ru/obzory-avto/tesla/model-x/2022/58.html;True;False;;PASS
https://automoto.com.lv/ru/obzory-avto/tesla/model-x/2023/129.html;200;False;False;https://automoto.com.lv/ru/obzory-avto/tesla/model-x/2023/129.html;True;False;;PASS
https://automoto.com.lv/ru/obzory-avto/tesla/model-x/2024/258.html;200;False;False;https://automoto.com.lv/ru/obzory-avto/tesla/model-x/2024/258.html;True;False;;PASS
https://automoto.com.lv/ru/obzory-avto/tesla/model-x/2025/361.html;200;False;False;https://automoto.com.lv/ru/obzory-avto/tesla/model-x/2025/361.html;True;False;;PASS
https://automoto.com.lv/ru/obzory-avto/tesla/model-y/2024/291.html;200;False;False;https://automoto.com.lv/ru/obzory-avto/tesla/model-y/2024/291.html;True;False;;PASS
https://automoto.com.lv/ru/obzory-avto/toyota/4runner/2024/280.html;200;False;False;https://automoto.com.lv/ru/obzory-avto/toyota/4runner/2024/280.html;True;False;;PASS
https://automoto.com.lv/ru/obzory-avto/toyota/bz4x/2023/77.html;200;False;False;https://automoto.com.lv/ru/obzory-avto/toyota/bz4x/2023/77.html;True;False;;PASS
https://automoto.com.lv/ru/obzory-avto/toyota/bz4x/2024/290.html;200;False;False;https://automoto.com.lv/ru/obzory-avto/toyota/bz4x/2024/290.html;True;False;;PASS
https://automoto.com.lv/ru/obzory-avto/toyota/c-hr/2022/60.html;200;False;False;https://automoto.com.lv/ru/obzory-avto/toyota/c-hr/2022/60.html;True;False;;PASS
https://automoto.com.lv/ru/obzory-avto/toyota/camry/2023/99.html;200;False;False;https://automoto.com.lv/ru/obzory-avto/toyota/camry/2023/99.html;True;False;;PASS
https://automoto.com.lv/ru/obzory-avto/toyota/camry/2024/216.html;200;False;False;https://automoto.com.lv/ru/obzory-avto/toyota/camry/2024/216.html;True;False;;PASS
https://automoto.com.lv/ru/obzory-avto/toyota/camry/2025/338.html;200;False;False;https://automoto.com.lv/ru/obzory-avto/toyota/camry/2025/338.html;True;False;;PASS
https://automoto.com.lv/ru/obzory-avto/toyota/corolla-hybrid/2022/36.html;200;False;False;https://automoto.com.lv/ru/obzory-avto/toyota/corolla-hybrid/2022/36.html;True;False;;PASS
https://automoto.com.lv/ru/obzory-avto/toyota/corolla/2024/235.html;200;False;False;https://automoto.com.lv/ru/obzory-avto/toyota/corolla/2024/235.html;True;False;;PASS
https://automoto.com.lv/ru/obzory-avto/toyota/corolla/2025/320.html;200;False;False;https://automoto.com.lv/ru/obzory-avto/toyota/corolla/2025/320.html;True;False;;PASS
https://automoto.com.lv/ru/obzory-avto/toyota/highlander/2023/123.html;200;False;False;https://automoto.com.lv/ru/obzory-avto/toyota/highlander/2023/123.html;True;False;;PASS
https://automoto.com.lv/ru/obzory-avto/toyota/highlander/2023/337.html;200;False;False;https://automoto.com.lv/ru/obzory-avto/toyota/highlander/2023/337.html;True;False;;PASS
https://automoto.com.lv/ru/obzory-avto/toyota/highlander/2024/206.html;200;False;False;https://automoto.com.lv/ru/obzory-avto/toyota/highlander/2024/206.html;True;False;;PASS
https://automoto.com.lv/ru/obzory-avto/toyota/prius/2023/127.html;200;False;False;https://automoto.com.lv/ru/obzory-avto/toyota/prius/2023/127.html;True;False;;PASS
https://automoto.com.lv/ru/obzory-avto/toyota/prius/2024/293.html;200;False;False;https://automoto.com.lv/ru/obzory-avto/toyota/prius/2024/293.html;True;False;;PASS
https://automoto.com.lv/ru/obzory-avto/toyota/rav4/2023/111.html;200;False;False;https://automoto.com.lv/ru/obzory-avto/toyota/rav4/2023/111.html;True;False;;PASS
https://automoto.com.lv/ru/obzory-avto/toyota/rav4/2024/272.html;200;False;False;https://automoto.com.lv/ru/obzory-avto/toyota/rav4/2024/272.html;True;False;;PASS
https://automoto.com.lv/ru/obzory-avto/toyota/rav4/2025/380.html;200;False;False;https://automoto.com.lv/ru/obzory-avto/toyota/rav4/2025/380.html;True;False;;PASS
https://automoto.com.lv/ru/obzory-avto/toyota/sequoia/2023/141.html;200;False;False;https://automoto.com.lv/ru/obzory-avto/toyota/sequoia/2023/141.html;True;False;;PASS
https://automoto.com.lv/ru/obzory-avto/toyota/sequoia/2024/214.html;200;False;False;https://automoto.com.lv/ru/obzory-avto/toyota/sequoia/2024/214.html;True;False;;PASS
https://automoto.com.lv/ru/obzory-avto/toyota/sequoia/2025/342.html;200;False;False;https://automoto.com.lv/ru/obzory-avto/toyota/sequoia/2025/342.html;True;False;;PASS
https://automoto.com.lv/ru/obzory-avto/toyota/sienna/2023/165.html;200;False;False;https://automoto.com.lv/ru/obzory-avto/toyota/sienna/2023/165.html;True;False;;PASS
https://automoto.com.lv/ru/obzory-avto/toyota/supra/2023/169.html;200;False;False;https://automoto.com.lv/ru/obzory-avto/toyota/supra/2023/169.html;True;False;;PASS
https://automoto.com.lv/ru/obzory-avto/toyota/venza/2023/180.html;200;False;False;https://automoto.com.lv/ru/obzory-avto/toyota/venza/2023/180.html;True;False;;PASS
https://automoto.com.lv/ru/obzory-avto/volkswagen/atlas/2023/83.html;200;False;False;https://automoto.com.lv/ru/obzory-avto/volkswagen/atlas/2023/83.html;True;False;;PASS
https://automoto.com.lv/ru/obzory-avto/volkswagen/golf-gti/2023/108.html;200;False;False;https://automoto.com.lv/ru/obzory-avto/volkswagen/golf-gti/2023/108.html;True;False;;PASS
https://automoto.com.lv/ru/obzory-avto/volkswagen/id4/2022/71.html;200;False;False;https://automoto.com.lv/ru/obzory-avto/volkswagen/id4/2022/71.html;True;False;;PASS
https://automoto.com.lv/ru/obzory-avto/volkswagen/id4/2025/369.html;200;False;False;https://automoto.com.lv/ru/obzory-avto/volkswagen/id4/2025/369.html;True;False;;PASS
https://automoto.com.lv/ru/obzory-avto/volkswagen/jetta/2023/103.html;200;False;False;https://automoto.com.lv/ru/obzory-avto/volkswagen/jetta/2023/103.html;True;False;;PASS
https://automoto.com.lv/ru/obzory-avto/volkswagen/jetta/2025/310.html;200;False;False;https://automoto.com.lv/ru/obzory-avto/volkswagen/jetta/2025/310.html;True;False;;PASS
https://automoto.com.lv/ru/obzory-avto/volkswagen/taos/2024/255.html;200;False;False;https://automoto.com.lv/ru/obzory-avto/volkswagen/taos/2024/255.html;True;False;;PASS
https://automoto.com.lv/ru/obzory-avto/volkswagen/tiguan/2023/94.html;200;False;False;https://automoto.com.lv/ru/obzory-avto/volkswagen/tiguan/2023/94.html;True;False;;PASS
https://automoto.com.lv/ru/obzory-avto/volkswagen/tiguan/2024/248.html;200;False;False;https://automoto.com.lv/ru/obzory-avto/volkswagen/tiguan/2024/248.html;True;False;;PASS
https://automoto.com.lv/ru/obzory-avto/volkswagen/tiguan/2025/382.html;200;False;False;https://automoto.com.lv/ru/obzory-avto/volkswagen/tiguan/2025/382.html;True;False;;PASS
https://automoto.com.lv/ru/obzory-avto/volvo/ex90/2025/313.html;200;False;False;https://automoto.com.lv/ru/obzory-avto/volvo/ex90/2025/313.html;True;False;;PASS
https://automoto.com.lv/ru/obzory-avto/volvo/s60/2023/115.html;200;False;False;https://automoto.com.lv/ru/obzory-avto/volvo/s60/2023/115.html;True;False;;PASS
https://automoto.com.lv/ru/obzory-avto/volvo/s90/2022/57.html;200;False;False;https://automoto.com.lv/ru/obzory-avto/volvo/s90/2022/57.html;True;False;;PASS
https://automoto.com.lv/ru/obzory-avto/volvo/s90/2023/182.html;200;False;False;https://automoto.com.lv/ru/obzory-avto/volvo/s90/2023/182.html;True;False;;PASS
https://automoto.com.lv/ru/obzory-avto/volvo/s90/2024/304.html;200;False;False;https://automoto.com.lv/ru/obzory-avto/volvo/s90/2024/304.html;True;False;;PASS
https://automoto.com.lv/ru/obzory-avto/volvo/v90/2023/189.html;200;False;False;https://automoto.com.lv/ru/obzory-avto/volvo/v90/2023/189.html;True;False;;PASS
https://automoto.com.lv/ru/obzory-avto/volvo/xc40/2024/295.html;200;False;False;https://automoto.com.lv/ru/obzory-avto/volvo/xc40/2024/295.html;True;False;;PASS
https://automoto.com.lv/ru/obzory-avto/volvo/xc40/2025/350.html;200;False;False;https://automoto.com.lv/ru/obzory-avto/volvo/xc40/2025/350.html;True;False;;PASS
https://automoto.com.lv/ru/obzory-avto/volvo/xc60/2023/84.html;200;False;False;https://automoto.com.lv/ru/obzory-avto/volvo/xc60/2023/84.html;True;False;;PASS
https://automoto.com.lv/ru/obzory-avto/volvo/xc90/2023/198.html;200;False;False;https://automoto.com.lv/ru/obzory-avto/volvo/xc90/2023/198.html;True;False;;PASS
https://automoto.com.lv/ru/obzory-avto/volvo/xc90/2025/385.html;200;False;False;https://automoto.com.lv/ru/obzory-avto/volvo/xc90/2025/385.html;True;False;;PASS
