Brand;Count;URL
-Kita-;249;https://ru.autoplius.lt/objavlenija/mototsikly-motoekipirovka/motocykly?make_id=1622
ABM;2;https://ru.autoplius.lt/objavlenija/mototsikly-motoekipirovka/motocykly?make_id=17636
Access Motor;1;https://ru.autoplius.lt/objavlenija/mototsikly-motoekipirovka/motocykly?make_id=27105
?;0;https://ru.autoplius.lt/objavlenija/mototsikly-motoekipirovka/motocykly?make_id=29843
?;0;https://ru.autoplius.lt/objavlenija/mototsikly-motoekipirovka/motocykly?make_id=31671
?;0;https://ru.autoplius.lt/objavlenija/mototsikly-motoekipirovka/motocykly?make_id=10879
?;0;https://ru.autoplius.lt/objavlenija/mototsikly-motoekipirovka/motocykly?make_id=1556
?;0;https://ru.autoplius.lt/objavlenija/mototsikly-motoekipirovka/motocykly?make_id=31475
?;0;https://ru.autoplius.lt/objavlenija/mototsikly-motoekipirovka/motocykly?make_id=31653
?;0;https://ru.autoplius.lt/objavlenija/mototsikly-motoekipirovka/motocykly?make_id=17651
?;0;https://ru.autoplius.lt/objavlenija/mototsikly-motoekipirovka/motocykly?make_id=1558
?;0;https://ru.autoplius.lt/objavlenija/mototsikly-motoekipirovka/motocykly?make_id=31075
?;0;https://ru.autoplius.lt/objavlenija/mototsikly-motoekipirovka/motocykly?make_id=1640
?;0;https://ru.autoplius.lt/objavlenija/mototsikly-motoekipirovka/motocykly?make_id=11861
?;0;https://ru.autoplius.lt/objavlenija/mototsikly-motoekipirovka/motocykly?make_id=32112
?;0;https://ru.autoplius.lt/objavlenija/mototsikly-motoekipirovka/motocykly?make_id=1672
?;0;https://ru.autoplius.lt/objavlenija/mototsikly-motoekipirovka/motocykly?make_id=1560
?;0;https://ru.autoplius.lt/objavlenija/mototsikly-motoekipirovka/motocykly?make_id=1561
?;0;https://ru.autoplius.lt/objavlenija/mototsikly-motoekipirovka/motocykly?make_id=33381
?;0;https://ru.autoplius.lt/objavlenija/mototsikly-motoekipirovka/motocykly?make_id=1563
?;0;https://ru.autoplius.lt/objavlenija/mototsikly-motoekipirovka/motocykly?make_id=1624
?;0;https://ru.autoplius.lt/objavlenija/mototsikly-motoekipirovka/motocykly?make_id=31996
?;0;https://ru.autoplius.lt/objavlenija/mototsikly-motoekipirovka/motocykly?make_id=1566
?;0;https://ru.autoplius.lt/objavlenija/mototsikly-motoekipirovka/motocykly?make_id=29957
?;0;https://ru.autoplius.lt/objavlenija/mototsikly-motoekipirovka/motocykly?make_id=1567
?;0;https://ru.autoplius.lt/objavlenija/mototsikly-motoekipirovka/motocykly?make_id=15979
?;0;https://ru.autoplius.lt/objavlenija/mototsikly-motoekipirovka/motocykly?make_id=1673
?;0;https://ru.autoplius.lt/objavlenija/mototsikly-motoekipirovka/motocykly?make_id=33987
?;0;https://ru.autoplius.lt/objavlenija/mototsikly-motoekipirovka/motocykly?make_id=17716
?;0;https://ru.autoplius.lt/objavlenija/mototsikly-motoekipirovka/motocykly?make_id=38359
?;0;https://ru.autoplius.lt/objavlenija/mototsikly-motoekipirovka/motocykly?make_id=17718
?;0;https://ru.autoplius.lt/objavlenija/mototsikly-motoekipirovka/motocykly?make_id=33339
?;0;https://ru.autoplius.lt/objavlenija/mototsikly-motoekipirovka/motocykly?make_id=1644
?;0;https://ru.autoplius.lt/objavlenija/mototsikly-motoekipirovka/motocykly?make_id=1570
?;0;https://ru.autoplius.lt/objavlenija/mototsikly-motoekipirovka/motocykly?make_id=1571
?;0;https://ru.autoplius.lt/objavlenija/mototsikly-motoekipirovka/motocykly?make_id=30153
?;0;https://ru.autoplius.lt/objavlenija/mototsikly-motoekipirovka/motocykly?make_id=17436
?;0;https://ru.autoplius.lt/objavlenija/mototsikly-motoekipirovka/motocykly?make_id=1572
?;0;https://ru.autoplius.lt/objavlenija/mototsikly-motoekipirovka/motocykly?make_id=37553
?;0;https://ru.autoplius.lt/objavlenija/mototsikly-motoekipirovka/motocykly?make_id=38323
?;0;https://ru.autoplius.lt/objavlenija/mototsikly-motoekipirovka/motocykly?make_id=31730
?;0;https://ru.autoplius.lt/objavlenija/mototsikly-motoekipirovka/motocykly?make_id=19668
?;0;https://ru.autoplius.lt/objavlenija/mototsikly-motoekipirovka/motocykly?make_id=38171
?;0;https://ru.autoplius.lt/objavlenija/mototsikly-motoekipirovka/motocykly?make_id=22691
?;0;https://ru.autoplius.lt/objavlenija/mototsikly-motoekipirovka/motocykly?make_id=32138
?;0;https://ru.autoplius.lt/objavlenija/mototsikly-motoekipirovka/motocykly?make_id=17762
?;0;https://ru.autoplius.lt/objavlenija/mototsikly-motoekipirovka/motocykly?make_id=17784
?;0;https://ru.autoplius.lt/objavlenija/mototsikly-motoekipirovka/motocykly?make_id=1575
?;0;https://ru.autoplius.lt/objavlenija/mototsikly-motoekipirovka/motocykly?make_id=1577
?;0;https://ru.autoplius.lt/objavlenija/mototsikly-motoekipirovka/motocykly?make_id=10391
?;0;https://ru.autoplius.lt/objavlenija/mototsikly-motoekipirovka/motocykly?make_id=1578
?;0;https://ru.autoplius.lt/objavlenija/mototsikly-motoekipirovka/motocykly?make_id=38325
?;0;https://ru.autoplius.lt/objavlenija/mototsikly-motoekipirovka/motocykly?make_id=1581
?;0;https://ru.autoplius.lt/objavlenija/mototsikly-motoekipirovka/motocykly?make_id=1582
?;0;https://ru.autoplius.lt/objavlenija/mototsikly-motoekipirovka/motocykly?make_id=30515
?;0;https://ru.autoplius.lt/objavlenija/mototsikly-motoekipirovka/motocykly?make_id=1583
?;0;https://ru.autoplius.lt/objavlenija/mototsikly-motoekipirovka/motocykly?make_id=1584
?;0;https://ru.autoplius.lt/objavlenija/mototsikly-motoekipirovka/motocykly?make_id=1585
?;0;https://ru.autoplius.lt/objavlenija/mototsikly-motoekipirovka/motocykly?make_id=1587
?;0;https://ru.autoplius.lt/objavlenija/mototsikly-motoekipirovka/motocykly?make_id=1628
?;0;https://ru.autoplius.lt/objavlenija/mototsikly-motoekipirovka/motocykly?make_id=1588
?;0;https://ru.autoplius.lt/objavlenija/mototsikly-motoekipirovka/motocykly?make_id=13786
?;0;https://ru.autoplius.lt/objavlenija/mototsikly-motoekipirovka/motocykly?make_id=33333
?;0;https://ru.autoplius.lt/objavlenija/mototsikly-motoekipirovka/motocykly?make_id=29895
?;0;https://ru.autoplius.lt/objavlenija/mototsikly-motoekipirovka/motocykly?make_id=28313
?;0;https://ru.autoplius.lt/objavlenija/mototsikly-motoekipirovka/motocykly?make_id=16630
?;0;https://ru.autoplius.lt/objavlenija/mototsikly-motoekipirovka/motocykly?make_id=27761
?;0;https://ru.autoplius.lt/objavlenija/mototsikly-motoekipirovka/motocykly?make_id=1590
?;0;https://ru.autoplius.lt/objavlenija/mototsikly-motoekipirovka/motocykly?make_id=30715
?;0;https://ru.autoplius.lt/objavlenija/mototsikly-motoekipirovka/motocykly?make_id=1649
?;0;https://ru.autoplius.lt/objavlenija/mototsikly-motoekipirovka/motocykly?make_id=30511
?;0;https://ru.autoplius.lt/objavlenija/mototsikly-motoekipirovka/motocykly?make_id=29961
?;0;https://ru.autoplius.lt/objavlenija/mototsikly-motoekipirovka/motocykly?make_id=28027
?;0;https://ru.autoplius.lt/objavlenija/mototsikly-motoekipirovka/motocykly?make_id=33479
?;0;https://ru.autoplius.lt/objavlenija/mototsikly-motoekipirovka/motocykly?make_id=17855
?;0;https://ru.autoplius.lt/objavlenija/mototsikly-motoekipirovka/motocykly?make_id=28291
?;0;https://ru.autoplius.lt/objavlenija/mototsikly-motoekipirovka/motocykly?make_id=1591
?;0;https://ru.autoplius.lt/objavlenija/mototsikly-motoekipirovka/motocykly?make_id=1592
?;0;https://ru.autoplius.lt/objavlenija/mototsikly-motoekipirovka/motocykly?make_id=37607
?;0;https://ru.autoplius.lt/objavlenija/mototsikly-motoekipirovka/motocykly?make_id=17861
?;0;https://ru.autoplius.lt/objavlenija/mototsikly-motoekipirovka/motocykly?make_id=26063
?;0;https://ru.autoplius.lt/objavlenija/mototsikly-motoekipirovka/motocykly?make_id=18516
?;0;https://ru.autoplius.lt/objavlenija/mototsikly-motoekipirovka/motocykly?make_id=1675
?;0;https://ru.autoplius.lt/objavlenija/mototsikly-motoekipirovka/motocykly?make_id=1670
?;0;https://ru.autoplius.lt/objavlenija/mototsikly-motoekipirovka/motocykly?make_id=37930
?;0;https://ru.autoplius.lt/objavlenija/mototsikly-motoekipirovka/motocykly?make_id=33299
?;0;https://ru.autoplius.lt/objavlenija/mototsikly-motoekipirovka/motocykly?make_id=1629
?;0;https://ru.autoplius.lt/objavlenija/mototsikly-motoekipirovka/motocykly?make_id=17449
?;0;https://ru.autoplius.lt/objavlenija/mototsikly-motoekipirovka/motocykly?make_id=24655
?;0;https://ru.autoplius.lt/objavlenija/mototsikly-motoekipirovka/motocykly?make_id=35889
?;0;https://ru.autoplius.lt/objavlenija/mototsikly-motoekipirovka/motocykly?make_id=17878
?;0;https://ru.autoplius.lt/objavlenija/mototsikly-motoekipirovka/motocykly?make_id=1630
?;0;https://ru.autoplius.lt/objavlenija/mototsikly-motoekipirovka/motocykly?make_id=1597
?;0;https://ru.autoplius.lt/objavlenija/mototsikly-motoekipirovka/motocykly?make_id=11807
?;0;https://ru.autoplius.lt/objavlenija/mototsikly-motoekipirovka/motocykly?make_id=1598
?;0;https://ru.autoplius.lt/objavlenija/mototsikly-motoekipirovka/motocykly?make_id=1599
?;0;https://ru.autoplius.lt/objavlenija/mototsikly-motoekipirovka/motocykly?make_id=1647
?;0;https://ru.autoplius.lt/objavlenija/mototsikly-motoekipirovka/motocykly?make_id=31229
?;0;https://ru.autoplius.lt/objavlenija/mototsikly-motoekipirovka/motocykly?make_id=31754
?;0;https://ru.autoplius.lt/objavlenija/mototsikly-motoekipirovka/motocykly?make_id=1601
?;0;https://ru.autoplius.lt/objavlenija/mototsikly-motoekipirovka/motocykly?make_id=1602
?;0;https://ru.autoplius.lt/objavlenija/mototsikly-motoekipirovka/motocykly?make_id=33017
?;0;https://ru.autoplius.lt/objavlenija/mototsikly-motoekipirovka/motocykly?make_id=18772
?;0;https://ru.autoplius.lt/objavlenija/mototsikly-motoekipirovka/motocykly?make_id=30253
?;0;https://ru.autoplius.lt/objavlenija/mototsikly-motoekipirovka/motocykly?make_id=17926
?;0;https://ru.autoplius.lt/objavlenija/mototsikly-motoekipirovka/motocykly?make_id=1631
?;0;https://ru.autoplius.lt/objavlenija/mototsikly-motoekipirovka/motocykly?make_id=1633
?;0;https://ru.autoplius.lt/objavlenija/mototsikly-motoekipirovka/motocykly?make_id=17946
?;0;https://ru.autoplius.lt/objavlenija/mototsikly-motoekipirovka/motocykly?make_id=1634
?;0;https://ru.autoplius.lt/objavlenija/mototsikly-motoekipirovka/motocykly?make_id=1635
?;0;https://ru.autoplius.lt/objavlenija/mototsikly-motoekipirovka/motocykly?make_id=35775
?;0;https://ru.autoplius.lt/objavlenija/mototsikly-motoekipirovka/motocykly?make_id=19777
?;0;https://ru.autoplius.lt/objavlenija/mototsikly-motoekipirovka/motocykly?make_id=32241
?;0;https://ru.autoplius.lt/objavlenija/mototsikly-motoekipirovka/motocykly?make_id=17971
?;0;https://ru.autoplius.lt/objavlenija/mototsikly-motoekipirovka/motocykly?make_id=33293
?;0;https://ru.autoplius.lt/objavlenija/mototsikly-motoekipirovka/motocykly?make_id=22738
?;0;https://ru.autoplius.lt/objavlenija/mototsikly-motoekipirovka/motocykly?make_id=17976
?;0;https://ru.autoplius.lt/objavlenija/mototsikly-motoekipirovka/motocykly?make_id=24913
?;0;https://ru.autoplius.lt/objavlenija/mototsikly-motoekipirovka/motocykly?make_id=17329
?;0;https://ru.autoplius.lt/objavlenija/mototsikly-motoekipirovka/motocykly?make_id=1607
?;0;https://ru.autoplius.lt/objavlenija/mototsikly-motoekipirovka/motocykly?make_id=29855
?;0;https://ru.autoplius.lt/objavlenija/mototsikly-motoekipirovka/motocykly?make_id=31163
?;0;https://ru.autoplius.lt/objavlenija/mototsikly-motoekipirovka/motocykly?make_id=37783
?;0;https://ru.autoplius.lt/objavlenija/mototsikly-motoekipirovka/motocykly?make_id=1608
?;0;https://ru.autoplius.lt/objavlenija/mototsikly-motoekipirovka/motocykly?make_id=11281
?;0;https://ru.autoplius.lt/objavlenija/mototsikly-motoekipirovka/motocykly?make_id=1638
?;0;https://ru.autoplius.lt/objavlenija/mototsikly-motoekipirovka/motocykly?make_id=32295
?;0;https://ru.autoplius.lt/objavlenija/mototsikly-motoekipirovka/motocykly?make_id=33313
?;0;https://ru.autoplius.lt/objavlenija/mototsikly-motoekipirovka/motocykly?make_id=30163
?;0;https://ru.autoplius.lt/objavlenija/mototsikly-motoekipirovka/motocykly?make_id=31611
?;0;https://ru.autoplius.lt/objavlenija/mototsikly-motoekipirovka/motocykly?make_id=1610
?;0;https://ru.autoplius.lt/objavlenija/mototsikly-motoekipirovka/motocykly?make_id=1611
?;0;https://ru.autoplius.lt/objavlenija/mototsikly-motoekipirovka/motocykly?make_id=32644
?;0;https://ru.autoplius.lt/objavlenija/mototsikly-motoekipirovka/motocykly?make_id=32170
?;0;https://ru.autoplius.lt/objavlenija/mototsikly-motoekipirovka/motocykly?make_id=19754
?;0;https://ru.autoplius.lt/objavlenija/mototsikly-motoekipirovka/motocykly?make_id=32698
?;0;https://ru.autoplius.lt/objavlenija/mototsikly-motoekipirovka/motocykly?make_id=1613
?;0;https://ru.autoplius.lt/objavlenija/mototsikly-motoekipirovka/motocykly?make_id=31637
?;0;https://ru.autoplius.lt/objavlenija/mototsikly-motoekipirovka/motocykly?make_id=1614
?;0;https://ru.autoplius.lt/objavlenija/mototsikly-motoekipirovka/motocykly?make_id=36904
?;0;https://ru.autoplius.lt/objavlenija/mototsikly-motoekipirovka/motocykly?make_id=24912
?;0;https://ru.autoplius.lt/objavlenija/mototsikly-motoekipirovka/motocykly?make_id=1615
?;0;https://ru.autoplius.lt/objavlenija/mototsikly-motoekipirovka/motocykly?make_id=1668
?;0;https://ru.autoplius.lt/objavlenija/mototsikly-motoekipirovka/motocykly?make_id=1618
?;0;https://ru.autoplius.lt/objavlenija/mototsikly-motoekipirovka/motocykly?make_id=33327
?;0;https://ru.autoplius.lt/objavlenija/mototsikly-motoekipirovka/motocykly?make_id=32126
?;0;https://ru.autoplius.lt/objavlenija/mototsikly-motoekipirovka/motocykly?make_id=1648
?;0;https://ru.autoplius.lt/objavlenija/mototsikly-motoekipirovka/motocykly?make_id=32154
?;0;https://ru.autoplius.lt/objavlenija/mototsikly-motoekipirovka/motocykly?make_id=36264
?;0;https://ru.autoplius.lt/objavlenija/mototsikly-motoekipirovka/motocykly?make_id=32218
?;0;https://ru.autoplius.lt/objavlenija/mototsikly-motoekipirovka/motocykly?make_id=38269
?;0;https://ru.autoplius.lt/objavlenija/mototsikly-motoekipirovka/motocykly?make_id=18065
?;0;https://ru.autoplius.lt/objavlenija/mototsikly-motoekipirovka/motocykly?make_id=30245
?;0;https://ru.autoplius.lt/objavlenija/mototsikly-motoekipirovka/motocykly?make_id=1621
?;0;https://ru.autoplius.lt/objavlenija/mototsikly-motoekipirovka/motocykly?make_id=24701
?;0;https://ru.autoplius.lt/objavlenija/mototsikly-motoekipirovka/motocykly?make_id=24407
?;0;https://ru.autoplius.lt/objavlenija/mototsikly-motoekipirovka/motocykly?make_id=16668
?;0;https://ru.autoplius.lt/objavlenija/mototsikly-motoekipirovka/motocykly?make_id=33209
?;0;https://ru.autoplius.lt/objavlenija/mototsikly-motoekipirovka/motocykly?make_id=16755
?;0;https://ru.autoplius.lt/objavlenija/mototsikly-motoekipirovka/motocykly?make_id=11092
?;0;https://ru.autoplius.lt/objavlenija/mototsikly-motoekipirovka/motocykly?make_id=18075
?;0;https://ru.autoplius.lt/objavlenija/mototsikly-motoekipirovka/motocykly?make_id=32048
