Kita;12
Abarth;2
AC;0
Acura;8
Aiways;0
Aixam;56
Alfa Romeo;84
Alke;0
Alpina;4
Alpine;0
AMC;0
Ariel;0
ARO;0
Asia;1
Aston Martin;14
Audi;3465
Austin Rover;0
Austin-Healey;0
Baic;1
Barkas;0
BELLIER;1
Bentley;46
BMW;5326
Bollor√©;0
Bontu;1
Briliance;0
Bugatti;0
Buick;45
BYD;7
Cadillac;35
Casalini;1
Caterham;0
Cenntro;1
Chatenet;10
Chery;0
Chevrolet;236
Chrysler;249
Citroen;957
Cobra;0
Cupra;80
Dacia;158
Daewoo;2
DAF;0
Daihatsu;6
Datsun;0
Deepal;0
Delorean;0
Desoto;1
DFSK;1
Dodge;367
Dorcen;0
DR;0
DS Automobiles;34
Eagle;0
Excalibur;0
FAW;0
Ferrari;2
Fiat;326
Fisker;3
Ford;2030
Foton;0
GAZ;15
GEELY;0
Genesis;0
Geo;0
GMC;14
Gonow;0
GWM;9
Honda;489
Hongqi;1
Hudson;0
Hummer;8
Hyundai;657
IFA;1
Ineos;0
Infiniti;56
International;0
Isuzu;8
Iveco;108
JAC;0
Jaguar;226
JDM;0
Jeep;369
Jonway;0
KGM;3
Kia;782
Koenigsegg;0
KTM;0
Lada;30
Lamborghini;6
Lancia;13
Land Rover;519
Landwind;0
LDV;0
Lexus;672
Ligier;26
Lincoln;25
LIXIANG;1
Lotus;2
LuAZ;1
Lucid;0
Lynk & Co;14
Mahindra;0
MAN;31
Marcos Mantis;0
Maserati;63
Maxus;1
Maybach;2
Mazda;465
Mclaren;3
Mercedes-Benz;3246
Mercury;1
MG;23
Microcar;18
Mini;279
Mitsubishi;297
Morgan;1
Moskvich;12
MPM;1
NIO;0
Nissan;1229
Norster;0
Nysa;0
Oldsmobile;1
Opel;1930
Ozeta;0
Packard;1
Panther;0
Paxster;0
Peugeot;1454
Piaggio;0
Plymouth;3
Polestar;10
Pontiac;9
Porsche;617
Proton;0
RAM;1
Renault;1073
Rivian;0
Rolls-Royce;7
Roosevelt;0
Rover;3
ROX;0
RUNHORSE;0
Saab;48
SAIC;0
Santana;0
Saturn;0
Scion;0
Seat;393
Secma;0
Seres;1
Shuanghuan;0
Silence;0
Skoda;1395
Skywell;0
Smart;35
Spartan;0
Sportequipe;0
Spyker;0
SsangYong;25
Studebaker;0
Subaru;559
Suzuki;105
Talbot;0
Tartan;0
Tata;0
Tatra;0
Tazzari;0
Tesla;194
Think;0
Toyota;2530
Trabant;0
Triumph;0
UAZ;4
Vauxhall;3
Venturi;0
Volkswagen;4849
Volvo;2262
Voyah;0
Wanderer;0
Wartburg;0
XEV;4
Xiaomi;0
Xpeng;2
ZAZ;5
Zeekr;3
Zhidou;7
Zimmer;0
