ABT;0
AGM;0
AION;0
AJP;0
AMC;0
ATS Corsa;0
ATV;12
Abarth;1
Acura;9
Adler;0
Aeon;0
Aero;0
Aiways;2
Aixam;13
Alfa Romeo;186
Alfarad;0
Alpina;0
Alpine;0
Altamarea;0
Amazone;0
Anaig;0
Aodes;10
Apollo;0
Aprilia;216
Archive;2
Arctic Cat;2
Argo;0
Armstrong Siddeley;0
Aro;0
Artega;0
Asia;0
AsiaStar;0
Asix;0
Aston Martin;25
Audi;9494
Aures;0
Austin;0
Austin-Healey;0
Autobianchi;0
Avatr;0
Avia;0
BAIC;0
BBG;0
BMW;13863
BMW-Alpina;0
BRP;0
BYD;16
Baojun;0
Baoya;0
Barton;3
Bashan;0
Baw;0
Bayliner;0
Beijing;0
Belaz;0
Bellier;0
Benda;0
Benelli;10
Bentley;93
Bertone;0
Beta;27
Big Dog;0
Blonell;0
BlueCar;0
Bluroc;0
Bobcat;0
Bohdan;0
Bollinger;0
Bombardier;1
Borgward;0
Brilliance;0
Bristol;0
Brixton;3
Bronto;0
Buell;0
Bugatti;0
Buick;30
Bullit;0
Byton;0
CEVO-C;0
CFMOTO;306
CPI;1
CZ;1
Cadillac;81
Cagiva;0
Can-Am;132
Casalini;0
Caterham;0
Caterpillar;0
Cenntro;0
Champ;0
Chana;0
Changan;0
Changfeng;0
Changhe;0
Chanje;0
Chatenet;0
Chery;0
Chevrolet;425
Chrysler;386
Citroen;1401
Comfimax;0
CompAir;0
Cupra;282
DFSK;1
DKW;0
DS;0
DS;12
Dacia;332
Dadi;0
Daechang;0
Daelim;0
Daewoo;2
Daf;0
Dagger;0
Daihatsu;9
Daimler;1
Dangel;0
Datsun;0
De Lorean;0
Denza;0
Derbi;41
Derways;0
Detroit Electric;0
Diabolini;0
Diandongwu;0
Dinli;0
Dnepr;9
Dodge;313
Dongfeng;0
Doohan;0
Dr. Motor;0
Druhaya;4
Ducati;127
Due;0
ELI;0
EVA;0
Eagle;0
Ekomoto;0
Electron;3
Elwinn;0
Enovate;0
Estoniya;0
Estrima;0
Evinrude;0
Exo;0
FAW;0
FCB;0
FSO;0
FUQI;0
Fantic;1
Ferrari;18
Fiat;431
Fiat-Abarth;0
Fisher;0
Fisker;1
Ford;5000
Fornasari;0
Forthing;0
Fosti;0
Foton;0
GAS;1
GMC;19
GRAND;0
GWM;9
Gac;0
Gas Gas;19
Geely;0
Genesis;0
Geo;0
Gilera;26
Goes;56
Gonow;0
Groz;0
HAZ;58
HIAB;0
Hafei;0
Haima;0
Hanomag;0
Hansa;0
Hanteng;0
Harley-Davidson;483
Haval;0
Hawtai;0
Hecht;0
HiPhi;0
Hindustan;0
Hisun;0
Hitachi;0
HolAZ;0
Honda;1993
Hongqi;0
Horch;0
Hozon;0
Huabei;0
Huanghai;0
Hudson;0
Humber;0
Hummer;21
Humvee;0
Husaberg;0
Husqvarna;111
Hyosung;1
Hyundai;1451
IM;0
IMF;0
Indian;37
Ineos;2
Infiniti;60
Innocenti;0
Intermoto;0
Isuzu;16
ItalCar;0
Italjet;0
Iveco;27
JAC;1
JAC-Volkswagen;0
JCB;0
JMC;0
Jaguar;389
Jawa;29
Jeep;629
Jetour;0
Jiangnan;0
Jinbei;0
Jinbei Minibusus;0
Jinlun;0
Jinpeng;0
Jonway;0
KG Mobility;0
KMT Motors;0
KMZ;0
KO;0
KSR Moto;0
KTM;400
KXD;0
Kanuni;0
Karosa;0
Karry;0
Kawasaki;644
Kayo;22
Keeway;3
Kia;1477
KingWoo;0
Kinroad;0
Kirkham;0
Koenigsegg;0
Kombat;0
Konecranes;0
Kryim;0
Kverneland;0
Kymco;18
LDV;0
LTI;0
LYNX;0
Lada;21
Lamborghini;23
Lancia;59
Land Rover;920
Landwind;0
Leapmotor;0
Leopard;0
Lesheng;0
Lexmoto;0
Lexus;838
Li Auto;0
Lichi;0
Lifan;0
Ligier;14
Lincoln;30
Linhai;12
Loncin;6
Lotus;4
LuAZ;1
Lucid;0
Lunar;0
Luxgen;0
MAN;0
MBP;0
MEGA;0
MG;14
MINI;453
MPM Motors;0
MTZ;0
MUTT;0
MV Agusta;3
MYBRO;0
Macbor;0
Magpower;1
Mahindra;0
Malaguti;0
Marshell;0
Maruti;0
Masai;0
Maserati;72
Mash;14
Maxus;3
Maybach;2
Mazda;861
McLaren;9
Mercedes-Benz;7645
Mercury;3
Merkur;0
Mia;0
Microcar;9
Miles;0
Minsk;2
Mitsubishi;731
Mitsuoka;0
Mobility Ventures;0
Mondial;8
Moomba;0
Morgan;0
Morris;0
Mosca;0
Moskvich / AZLK;24
Moskvich/AZLK;0
Moto Guzzi;4
Moto Morini;1
Motolevo;0
NIO;0
NIU;0
Neco;0
Neoplan;0
Neta;0
Nicot;0
Nissan;1932
Nitro Motors;0
Norster;0
ORA;0
OSET;0
Odes;0
Oldsmobile;0
Oltcit;0
Opel;5331
Orcal;2
Ossa;0
Otosan;0
Packard;0
Pagani;0
Panonia;0
Parsun;0
Peerless;0
Peg-Perego;0
Pegasus;0
Pentora;0
Peterbilt;0
Peugeot;3482
Piaggio;203
Pininfarina;0
Pinzgauer;0
Pitmoto;0
Pitster;0
Plymouth;0
Polaris;41
Polestar;9
Pontiac;13
Porsche;856
Powerland;0
Praktik;0
Proton;0
Puli;0
QJ Motor;14
QW Moto;0
Qifeng;0
Qingqi;0
Quad;0
Quadro;1
Quicksilver;0
RAF;1
RSWG;0
Ram;38
Ravon;0
Raysince;0
Remork;0
Renault;1825
Rewaco;0
Rezvani;0
Ride;0
Rieju;14
Riga;0
Rimac;0
Rivian;1
Roewe;0
Rolls-Royce;4
Romet;0
Rover;13
Royal Enfield;12
SAIPA;0
SEAT;913
SMA;0
SMC;0
SMZ;0
SPEV / SPEV;0
SWM;3
SYM;3
Saab;156
Saleen;0
Sam;0
Samand;0
Samsung;0
Santana;0
Saturn;0
Sceo;0
Scion;0
SeAZ;0
Secma;0
Segway;78
Selena;0
Seres;0
Shelby;0
Sherco;3
Shineray;0
Shuanghuan;1
Sidetracker;0
Silence;0
Ski Doo;1
Skoda;4055
Skymoto;0
Skywell;1
Skywell;0
Smart;44
SouEast;0
Soyat;0
Spyker;0
SsangYong;59
Star;0
Stark;1
Stels;0
Stoll;0
Studebaker;0
Subaru;842
Suda;0
Sunbeam;0
Sunra;0
Super SOCO;8
Sur-Ron;6
Suzuki;738
T-King;0
TATA;0
TGB;0
TM Racing;0
TMZ;0
TRRS;0
TVR;0
TahAZ;0
Talaria;6
Talbot;0
Tao Motor;0
Tatra;0
Tazzari;0
Tesla;397
Thunder Tiger;0
Tianma;0
Tiger;0
Tofas;0
TohAZ;0
Toyota;6218
Trabant;0
Tracker;0
Trener;0
Triumph;90
Tsyklon;0
Tula;4
Tuula;0
UAZ;23
Ultima;0
Ultra Motorcross;0
Ural;3
VAZ / Lada;83
VEPR;0
Vaderstad;0
Van Hool;0
Vastro;0
Vauxhall;1
Velimotor;0
Venturi;0
Venucia;0
Vepr;0
Vertigo;0
Vespa;0
Viarelli;0
Victory;13
VinFast;0
Viper;0
Voge;0
Volkswagen;12193
Volvo;7144
Voshod;0
Voskhod;0
Voyah;0
Wanderer;0
Wanfeng;0
Wartburg;0
Wayscral;0
Weltmeister;0
Wiesmann;0
Willys;0
Wonjan;0
Wuling;0
X-Moto;0
XEV;1
XTR;0
Xiangshuai;0
Xiaolong;0
Xiaomi;0
Xinkai;0
Xmotos;0
Xpeng;2
YCF;0
YZh;43
Yamaha;1092
Yamasaki;0
Yema;0
Yiying;0
Yogomo;0
Yudo;0
Yugo;0
ZAZ;8
ZX;0
ZYL;0
ZYM;0
ZYS;0
Zastava;0
Zeeho;0
Zeekr;2
Zhidou;0
Zhuk;0
Zimmer;0
Zipp;0
Znen;0
Zonder;0
Zongshen;2
Zontes;0
Zotye;0
Zuk;0
bio-auto;0
e.GO;0
