brand,site,models_count,status
ABG Titan,automoto.com.lv,0,ok
ATS Corsa,automoto.com.lv,0,ok
AION,automoto.com.lv,0,ok
ALPINA,automoto.com.lv,0,ok
2ППС,automoto.com.lv,0,ok
Abarth,automoto.com.lv,0,ok
Ackermann Fruehauf,automoto.com.lv,0,ok
Acura,automoto.com.lv,0,ok
Aiways,automoto.com.lv,0,ok
Alfa,automoto.com.lv,0,ok
Adler,automoto.com.lv,0,ok
Aero,automoto.com.lv,0,ok
Alfa Romeo,automoto.com.lv,0,ok
Alpine,automoto.com.lv,0,ok
Anaig,automoto.com.lv,0,ok
Aprilia,automoto.com.lv,0,ok
Aro,automoto.com.lv,0,ok
Asia,automoto.com.lv,0,ok
Aston Martin,automoto.com.lv,0,ok
Audi,automoto.com.lv,0,ok
Avatr,automoto.com.lv,0,ok
Atlas,automoto.com.lv,0,ok
Azimut,automoto.com.lv,0,ok
BMW-Alpina,automoto.com.lv,0,ok
BAIC,automoto.com.lv,0,ok
BRP,automoto.com.lv,0,ok
BMW,automoto.com.lv,0,ok
BOVA,automoto.com.lv,0,ok
Baojun,automoto.com.lv,0,ok
Barkas,automoto.com.lv,0,ok
BYD,automoto.com.lv,0,ok
Benelli,automoto.com.lv,0,ok
Bentley,automoto.com.lv,0,ok
Bayliner,automoto.com.lv,0,ok
BlueCar,automoto.com.lv,0,ok
Bobcat,automoto.com.lv,0,ok
Bomag,automoto.com.lv,0,ok
Bristol,automoto.com.lv,0,ok
Brilliance,automoto.com.lv,0,ok
CFMOTO,automoto.com.lv,0,ok
CUPRA,automoto.com.lv,0,ok
Buick,automoto.com.lv,0,ok
Cadillac,automoto.com.lv,0,ok
Capello,automoto.com.lv,0,ok
Cenntro,automoto.com.lv,0,ok
Chana,automoto.com.lv,0,ok
ChAZ,automoto.com.lv,0,ok
Caterpillar,automoto.com.lv,0,ok
Changan,automoto.com.lv,0,ok
Changfeng,automoto.com.lv,0,ok
Changhe,automoto.com.lv,0,ok
Chanje,automoto.com.lv,0,ok
Chery,automoto.com.lv,0,ok
Chevrolet,automoto.com.lv,0,ok
Chrysler,automoto.com.lv,0,ok
Citroёn,automoto.com.lv,0,ok
Cobra,automoto.com.lv,0,ok
Cupra,automoto.com.lv,0,ok
Crownline,automoto.com.lv,0,ok
DAF (VDL),automoto.com.lv,0,ok
DKW,automoto.com.lv,0,ok
Dacia,automoto.com.lv,0,ok
DS,automoto.com.lv,0,ok
Dadi,automoto.com.lv,0,ok
Daewoo,automoto.com.lv,0,ok
Daf,automoto.com.lv,0,ok
Denza,automoto.com.lv,0,ok
Defiant,automoto.com.lv,0,ok
Dodge,automoto.com.lv,0,ok
Daihatsu,automoto.com.lv,0,ok
Derways,automoto.com.lv,0,ok
Eagle,automoto.com.lv,0,ok
Elwinn,automoto.com.lv,0,ok
Ducati,automoto.com.lv,0,ok
Dongfeng,automoto.com.lv,0,ok
Enovate,automoto.com.lv,0,ok
FAW,automoto.com.lv,0,ok
FUQI,automoto.com.lv,0,ok
FSO,automoto.com.lv,0,ok
FCB,automoto.com.lv,0,ok
Ferrari,automoto.com.lv,0,ok
Fiat,automoto.com.lv,0,ok
Ford,automoto.com.lv,0,ok
Fisker,automoto.com.lv,0,ok
Foton,automoto.com.lv,0,ok
GAZ,automoto.com.lv,0,ok
GMC,automoto.com.lv,0,ok
Geely,automoto.com.lv,0,ok
Gac,automoto.com.lv,0,ok
Genesis,automoto.com.lv,0,ok
Geo,automoto.com.lv,0,ok
Geon,automoto.com.lv,0,ok
Gilera,automoto.com.lv,0,ok
Great Wall,automoto.com.lv,0,ok
Gonow,automoto.com.lv,0,ok
Groz,automoto.com.lv,0,ok
HTZ,automoto.com.lv,0,ok
Harley-Davidson,automoto.com.lv,0,ok
Honda,automoto.com.lv,0,ok
Hafei,automoto.com.lv,0,ok
Hongqi,automoto.com.lv,0,ok
Huabei,automoto.com.lv,0,ok
Hummer,automoto.com.lv,0,ok
Humbaur,automoto.com.lv,0,ok
Haval,automoto.com.lv,0,ok
Huanghai,automoto.com.lv,0,ok
Hyundai,automoto.com.lv,0,ok
Husqvarna,automoto.com.lv,0,ok
Hyosung,automoto.com.lv,0,ok
Ineos,automoto.com.lv,0,ok
IM,automoto.com.lv,0,ok
Infiniti,automoto.com.lv,0,ok
Isuzu,automoto.com.lv,0,ok
Izh,automoto.com.lv,0,ok
Iveco,automoto.com.lv,0,ok
JCB,automoto.com.lv,0,ok
JAC,automoto.com.lv,0,ok
Jaguar,automoto.com.lv,0,ok
Jeep,automoto.com.lv,0,ok
Jetour,automoto.com.lv,0,ok
Jawa,automoto.com.lv,0,ok
KTM,automoto.com.lv,0,ok
KAMAZ,automoto.com.lv,0,ok
Kanuni,automoto.com.lv,0,ok
Kawasaki,automoto.com.lv,0,ok
Jinbei,automoto.com.lv,0,ok
Kaya,automoto.com.lv,0,ok
Kia,automoto.com.lv,0,ok
Krone,automoto.com.lv,0,ok
Kubota,automoto.com.lv,0,ok
Kogel,automoto.com.lv,0,ok
LAG,automoto.com.lv,0,ok
LADA,automoto.com.lv,0,ok
LDV,automoto.com.lv,0,ok
Lamborghini,automoto.com.lv,0,ok
Lancia,automoto.com.lv,0,ok
Land Rover,automoto.com.lv,0,ok
Leopard,automoto.com.lv,0,ok
Landwind,automoto.com.lv,0,ok
Letin,automoto.com.lv,0,ok
Leapmotor,automoto.com.lv,0,ok
Lexus,automoto.com.lv,0,ok
Lifan,automoto.com.lv,0,ok
Like.Bike,automoto.com.lv,0,ok
Lincoln,automoto.com.lv,0,ok
Lotus,automoto.com.lv,0,ok
Link Tour,automoto.com.lv,0,ok
Li Auto,automoto.com.lv,0,ok
Lovol,automoto.com.lv,0,ok
LuAZ,automoto.com.lv,0,ok
Lucid Motors,automoto.com.lv,0,ok
Lucid,automoto.com.lv,0,ok
MAN,automoto.com.lv,0,ok
MAG Trailer,automoto.com.lv,0,ok
MG,automoto.com.lv,0,ok
MINI,automoto.com.lv,0,ok
Mahindra,automoto.com.lv,0,ok
MTD,automoto.com.lv,0,ok
Malaguti,automoto.com.lv,0,ok
MPM Motors,automoto.com.lv,0,ok
Maserati,automoto.com.lv,0,ok
Maxxter,automoto.com.lv,0,ok
Maxus,automoto.com.lv,0,ok
Mazda,automoto.com.lv,0,ok
Maybach,automoto.com.lv,0,ok
McLaren,automoto.com.lv,0,ok
Moto Guzzi,automoto.com.lv,0,ok
Mercedes-Benz,automoto.com.lv,0,ok
Mitsubishi,automoto.com.lv,0,ok
Mv agusta,automoto.com.lv,0,ok
Mercury,automoto.com.lv,0,ok
Neoplan,automoto.com.lv,0,ok
New Holland,automoto.com.lv,0,ok
Nysa,automoto.com.lv,0,ok
Nissan,automoto.com.lv,0,ok
Neta,automoto.com.lv,0,ok
Opel,automoto.com.lv,0,ok
ORA,automoto.com.lv,0,ok
Pacton,automoto.com.lv,0,ok
Oldsmobile,automoto.com.lv,0,ok
Panav,automoto.com.lv,0,ok
Plymouth,automoto.com.lv,0,ok
Peugeot,automoto.com.lv,0,ok
Piaggio,automoto.com.lv,0,ok
Polestar,automoto.com.lv,0,ok
Polaris,automoto.com.lv,0,ok
Pontiac,automoto.com.lv,0,ok
Porsche,automoto.com.lv,0,ok
Powerboat,automoto.com.lv,0,ok
Pragmatec,automoto.com.lv,0,ok
Princess,automoto.com.lv,0,ok
Proton,automoto.com.lv,0,ok
Ravon,automoto.com.lv,0,ok
Raysince,automoto.com.lv,0,ok
Ram,automoto.com.lv,0,ok
Retro,automoto.com.lv,0,ok
Renault,automoto.com.lv,0,ok
Rolls-Royce,automoto.com.lv,0,ok
Rivian,automoto.com.lv,0,ok
Roewe,automoto.com.lv,0,ok
Rover,automoto.com.lv,0,ok
SAIPA,automoto.com.lv,0,ok
SCHMIDT,automoto.com.lv,0,ok
SEAT,automoto.com.lv,0,ok
SMA,automoto.com.lv,0,ok
Saab,automoto.com.lv,0,ok
Sabur,automoto.com.lv,0,ok
Samsung,automoto.com.lv,0,ok
Scania,automoto.com.lv,0,ok
Schmitz,automoto.com.lv,0,ok
Saturn,automoto.com.lv,0,ok
Samand,automoto.com.lv,0,ok
Schmitz Cargobull,automoto.com.lv,0,ok
Schwarzmuller,automoto.com.lv,0,ok
Senke,automoto.com.lv,0,ok
Shark,automoto.com.lv,0,ok
Segway,automoto.com.lv,0,ok
Shelby,automoto.com.lv,0,ok
Shuanghuan,automoto.com.lv,0,ok
Sinomach,automoto.com.lv,0,ok
Skoda,automoto.com.lv,0,ok
Skywell,automoto.com.lv,0,ok
Scion,automoto.com.lv,0,ok
Smart,automoto.com.lv,0,ok
SouEast,automoto.com.lv,0,ok
Soul,automoto.com.lv,0,ok
Sparta,automoto.com.lv,0,ok
SsangYong,automoto.com.lv,0,ok
Speed Gear,automoto.com.lv,0,ok
Subaru,automoto.com.lv,0,ok
Suzuki,automoto.com.lv,0,ok
TATA,automoto.com.lv,0,ok
TCM,automoto.com.lv,0,ok
Talbot,automoto.com.lv,0,ok
Tianma,automoto.com.lv,0,ok
Tesla,automoto.com.lv,0,ok
Temared,automoto.com.lv,0,ok
Toyota,automoto.com.lv,0,ok
UAZ,automoto.com.lv,0,ok
Triumph,automoto.com.lv,0,ok
Trabant,automoto.com.lv,0,ok
VEGA,automoto.com.lv,0,ok
Tracker,automoto.com.lv,0,ok
VIS,automoto.com.lv,0,ok
Venturi,automoto.com.lv,0,ok
VinFast,automoto.com.lv,0,ok
Volkswagen,automoto.com.lv,0,ok
Volvo,automoto.com.lv,0,ok
Voge,automoto.com.lv,0,ok
Viper,automoto.com.lv,0,ok
Voyah,automoto.com.lv,0,ok
Wanfeng,automoto.com.lv,0,ok
Wartburg,automoto.com.lv,0,ok
Wuling,automoto.com.lv,0,ok
Willys,automoto.com.lv,0,ok
Xiaomi,automoto.com.lv,0,ok
Weltmeister,automoto.com.lv,0,ok
Xpeng,automoto.com.lv,0,ok
YCF,automoto.com.lv,0,ok
Xinkai,automoto.com.lv,0,ok
Yokomoto,automoto.com.lv,0,ok
YiBen,automoto.com.lv,0,ok
Yamaha,automoto.com.lv,0,ok
Yema,automoto.com.lv,0,ok
ZIL,automoto.com.lv,0,ok
ZIM,automoto.com.lv,0,ok
ZAZ,automoto.com.lv,0,ok
ZX,automoto.com.lv,0,ok
Zeekr,automoto.com.lv,0,ok
Zastava,automoto.com.lv,0,ok
Zongshen,automoto.com.lv,0,ok
Zotye,automoto.com.lv,0,ok
Zubr,automoto.com.lv,0,ok
moskvich-azlk,automoto.com.lv,0,ok
Zuk,automoto.com.lv,0,ok
ІФА,automoto.com.lv,0,ok
Ікарус,automoto.com.lv,0,ok
Індокс,automoto.com.lv,0,ok
Інтер Карс,automoto.com.lv,0,ok
Індіан,automoto.com.lv,0,ok
А Ті Ві,automoto.com.lv,0,ok
АБМ,automoto.com.lv,0,ok
АІМА,automoto.com.lv,0,ok
Ал-ко,automoto.com.lv,0,ok
Акербі,automoto.com.lv,0,ok
АЛЕКО,automoto.com.lv,0,ok
Адріа,automoto.com.lv,0,ok
Адвенчур,automoto.com.lv,0,ok
Альфа,automoto.com.lv,0,ok
Амкодор,automoto.com.lv,0,ok
Аман,automoto.com.lv,0,ok
Арктік кет,automoto.com.lv,0,ok
Атаман,automoto.com.lv,0,ok
БАЗ,automoto.com.lv,0,ok
БСЄ,automoto.com.lv,0,ok
Баварія Яхтс,automoto.com.lv,0,ok
Баджадж,automoto.com.lv,0,ok
Балканкар,automoto.com.lv,0,ok
Беналу,automoto.com.lv,0,ok
Башан,automoto.com.lv,0,ok
Бергер,automoto.com.lv,0,ok
Бета,automoto.com.lv,0,ok
Блюмхардт,automoto.com.lv,0,ok
Бобер,automoto.com.lv,0,ok
Бобкет,automoto.com.lv,0,ok
Богдан,automoto.com.lv,0,ok
Бодекс,automoto.com.lv,0,ok
Бріг,automoto.com.lv,0,ok
Болган,automoto.com.lv,0,ok
Булат,automoto.com.lv,0,ok
ВДЛ,automoto.com.lv,0,ok
Бург,automoto.com.lv,0,ok
ВанХул,automoto.com.lv,0,ok
Вартбург,automoto.com.lv,0,ok
Вейліфтер,automoto.com.lv,0,ok
Вельтмейстер,automoto.com.lv,0,ok
Віелтон,automoto.com.lv,0,ok
Вікенд,automoto.com.lv,0,ok
Вікторі,automoto.com.lv,0,ok
Вілкокс,automoto.com.lv,0,ok
Вілліг,automoto.com.lv,0,ok
Віртген,automoto.com.lv,0,ok
ГРАС,automoto.com.lv,0,ok
Галеон,automoto.com.lv,0,ok
Гластрон,automoto.com.lv,0,ok
Гофа,automoto.com.lv,0,ok
Гроне веген,automoto.com.lv,0,ok
Голдхофер,automoto.com.lv,0,ok
Гєніє,automoto.com.lv,0,ok
Гідромек,automoto.com.lv,0,ok
ДС,automoto.com.lv,0,ok
Дельта,automoto.com.lv,0,ok
Деннісон,automoto.com.lv,0,ok
Десот,automoto.com.lv,0,ok
Детлефс,automoto.com.lv,0,ok
Дженміл,automoto.com.lv,0,ok
Дженерал Трейлерс,automoto.com.lv,0,ok
Джетур,automoto.com.lv,0,ok
Джіанше,automoto.com.lv,0,ok
Дніпро,automoto.com.lv,0,ok
Днепр,automoto.com.lv,0,ok
Дніпро-КМЗ,automoto.com.lv,0,ok
Доган,automoto.com.lv,0,ok
Дромеч,automoto.com.lv,0,ok
ЕОС,automoto.com.lv,0,ok
Дусан,automoto.com.lv,0,ok
Ексдрайв,automoto.com.lv,0,ok
Енерко,automoto.com.lv,0,ok
Еверласт,automoto.com.lv,0,ok
Ес Ді Сі,automoto.com.lv,0,ok
Елєктро Скутєр,automoto.com.lv,0,ok
ЗАЗ ЛуАЗ,automoto.com.lv,0,ok
Заслав,automoto.com.lv,0,ok
Жук,automoto.com.lv,0,ok
ЗХ,automoto.com.lv,0,ok
Зонтес,automoto.com.lv,0,ok
Зремб,automoto.com.lv,0,ok
Карнехл,automoto.com.lv,0,ok
Кайо,automoto.com.lv,0,ok
Казанка,automoto.com.lv,0,ok
Кассбохрер,automoto.com.lv,0,ok
Келберг,automoto.com.lv,0,ok
Кемпф,automoto.com.lv,0,ok
Кнапен,automoto.com.lv,0,ok
Кес Конструкшн,automoto.com.lv,0,ok
Карді,automoto.com.lv,0,ok
Кобелко,automoto.com.lv,0,ok
Кобо,automoto.com.lv,0,ok
Кодер,automoto.com.lv,0,ok
Кові,automoto.com.lv,0,ok
Коматсу,automoto.com.lv,0,ok
КрАЗ,automoto.com.lv,0,ok
Ківей,automoto.com.lv,0,ok
Кінлон,automoto.com.lv,0,ok
Кімко,automoto.com.lv,0,ok
ЛАЗ,automoto.com.lv,0,ok
ЛДС,automoto.com.lv,0,ok
Ламберет,automoto.com.lv,0,ok
Лангендорф,automoto.com.lv,0,ok
Комман,automoto.com.lv,0,ok
Лев,automoto.com.lv,0,ok
Лацінена,automoto.com.lv,0,ok
ЛесіТрейлер,automoto.com.lv,0,ok
Лида,automoto.com.lv,0,ok
Лонкін,automoto.com.lv,0,ok
Львівський навантажувач,automoto.com.lv,0,ok
Люсід,automoto.com.lv,0,ok
Лінде,automoto.com.lv,0,ok
Лінхай,automoto.com.lv,0,ok
ЛіуГонг,automoto.com.lv,0,ok
ММЗ,automoto.com.lv,0,ok
МАЗ,automoto.com.lv,0,ok
МОЛ,automoto.com.lv,0,ok
Магіар,automoto.com.lv,0,ok
Майрлінг,automoto.com.lv,0,ok
Максус,automoto.com.lv,0,ok
Маніту,automoto.com.lv,0,ok
Маісонью,automoto.com.lv,0,ok
Мейлер,automoto.com.lv,0,ok
Менчі,automoto.com.lv,0,ok
Метако,automoto.com.lv,0,ok
Монтракон,automoto.com.lv,0,ok
Мерцерон,automoto.com.lv,0,ok
Мото-Лідер,automoto.com.lv,0,ok
Мікілон,automoto.com.lv,0,ok
Мустанг,automoto.com.lv,0,ok
Мінськ,automoto.com.lv,0,ok
НПП Палич,automoto.com.lv,0,ok
Новатрейл,automoto.com.lv,0,ok
Нієвіадов,automoto.com.lv,0,ok
ОМТ,automoto.com.lv,0,ok
Нутебум,automoto.com.lv,0,ok
ПАВАМ,automoto.com.lv,0,ok
Ова,automoto.com.lv,0,ok
ПАЗ,automoto.com.lv,0,ok
ПВА,automoto.com.lv,0,ok
ПП,automoto.com.lv,0,ok
ПРТ,automoto.com.lv,0,ok
ПГМФ,automoto.com.lv,0,ok
Панав,automoto.com.lv,0,ok
Полестар,automoto.com.lv,0,ok
Плімут,automoto.com.lv,0,ok
Причіп,automoto.com.lv,0,ok
Прогрес,automoto.com.lv,0,ok
РАФ,automoto.com.lv,0,ok
Райдер,automoto.com.lv,0,ok
РУТА,automoto.com.lv,0,ok
Рам,automoto.com.lv,0,ok
Рейш,automoto.com.lv,0,ok
Рендерс,automoto.com.lv,0,ok
Рівіан,automoto.com.lv,0,ok
Рохр,automoto.com.lv,0,ok
СВІФТ,automoto.com.lv,0,ok
Робуст,automoto.com.lv,0,ok
СМЗ,automoto.com.lv,0,ok
СМТ,automoto.com.lv,0,ok
СТАС,automoto.com.lv,0,ok
Самро,automoto.com.lv,0,ok
СауІст,automoto.com.lv,0,ok
Сегвей,automoto.com.lv,0,ok
СкайБайк,automoto.com.lv,0,ok
Сетра,automoto.com.lv,0,ok
СкайМото,automoto.com.lv,0,ok
Соммер,automoto.com.lv,0,ok
Спайер,automoto.com.lv,0,ok
Спарк,automoto.com.lv,0,ok
Стокота,automoto.com.lv,0,ok
Стілл,automoto.com.lv,0,ok
Сім,automoto.com.lv,0,ok
Сцион,automoto.com.lv,0,ok
Сумітомо,automoto.com.lv,0,ok
Стім,automoto.com.lv,0,ok
ТАД,automoto.com.lv,0,ok
Тадано,automoto.com.lv,0,ok
Татра,automoto.com.lv,0,ok
Табберт,automoto.com.lv,0,ok
Терекс,automoto.com.lv,0,ok
Теккен,automoto.com.lv,0,ok
Трейлор,automoto.com.lv,0,ok
Трейлер,automoto.com.lv,0,ok
Троуілет,automoto.com.lv,0,ok
Тула мотоцикл,automoto.com.lv,0,ok
Тріумф,automoto.com.lv,0,ok
Українська мрія,automoto.com.lv,0,ok
Фада,automoto.com.lv,0,ok
Урал,automoto.com.lv,0,ok
Фелдбіндер,automoto.com.lv,0,ok
Файмонвіль,automoto.com.lv,0,ok
Флур,automoto.com.lv,0,ok
Флуід,automoto.com.lv,0,ok
Флігл,automoto.com.lv,0,ok
Фор Вінс,automoto.com.lv,0,ok
Фотон,automoto.com.lv,0,ok
Форте,automoto.com.lv,0,ok
Фрухауф,automoto.com.lv,0,ok
Фінвал,automoto.com.lv,0,ok
Фібер,automoto.com.lv,0,ok
ХАЗ,automoto.com.lv,0,ok
ХЦМГ,automoto.com.lv,0,ok
Хамм,automoto.com.lv,0,ok
Хамер,automoto.com.lv,0,ok
Хантер,automoto.com.lv,0,ok
Хаулот,automoto.com.lv,0,ok
Хендрікс,automoto.com.lv,0,ok
Хафей,automoto.com.lv,0,ok
Хоббі,automoto.com.lv,0,ok
Хово,automoto.com.lv,0,ok
Хонгда,automoto.com.lv,0,ok
Хорнет,automoto.com.lv,0,ok
Хістер,automoto.com.lv,0,ok
Цітококо,automoto.com.lv,0,ok
Чезет,automoto.com.lv,0,ok
Чанган,automoto.com.lv,0,ok
Чана,automoto.com.lv,0,ok
Череау,automoto.com.lv,0,ok
Чендж,automoto.com.lv,0,ok
Чінчі,automoto.com.lv,0,ok
ШМІДТ,automoto.com.lv,0,ok
Шанрай,automoto.com.lv,0,ok
Шпітцер,automoto.com.lv,0,ok
Южанка,automoto.com.lv,0,ok
Ютонг,automoto.com.lv,0,ok
Юнгхайнріх,automoto.com.lv,0,ok
Ява ЦЗ,automoto.com.lv,0,ok
Ядеа,automoto.com.lv,0,ok
Яле,automoto.com.lv,0,ok
Янмар,automoto.com.lv,0,ok
бус РАФ,automoto.com.lv,0,ok
мото ВОСХОД,automoto.com.lv,0,ok
катер СіРей,automoto.com.lv,0,ok
катер Крим,automoto.com.lv,0,ok
причіп ВАРЗ,automoto.com.lv,0,ok
причіп ГКБ,automoto.com.lv,0,ok
причіп Муравей,automoto.com.lv,0,ok
причіп МЕГА,automoto.com.lv,0,ok
причіп Кремінь,automoto.com.lv,0,ok
причіп СЗАП,automoto.com.lv,0,ok
причіп ОДАЗ,automoto.com.lv,0,ok
причіп Сантей,automoto.com.lv,0,ok
причіп ЧМЗАП,automoto.com.lv,0,ok
човен Бустер,automoto.com.lv,0,ok
трактор ЧТЗ,automoto.com.lv,0,ok
човен Колібрі,automoto.com.lv,0,ok
човен Обь,automoto.com.lv,0,ok
човен Скіф,automoto.com.lv,0,ok
човен ЮМС,automoto.com.lv,0,ok
ВАЗ,automoto.com.lv,0,ok
