2ППС;;;https://auto.ria.com/uk/car/2pps/
Ackermann Fruehauf;;;https://auto.ria.com/uk/car/ackermann-fruehauf/
Acura;;;https://auto.ria.com/uk/car/acura/
Alfa Romeo;;;https://auto.ria.com/uk/car/alfa-romeo/
Aprilia;;;https://auto.ria.com/uk/car/aprilia/
Asia;;;https://auto.ria.com/uk/car/asia/
Aston Martin;;;https://auto.ria.com/uk/car/aston-martin/
Atlas;;;https://auto.ria.com/uk/car/atlas/
Audi;;;https://auto.ria.com/uk/car/audi/
Azimut;;;https://auto.ria.com/uk/car/azimut/
Bayliner;;;https://auto.ria.com/uk/car/bayliner/
Benelli;;;https://auto.ria.com/uk/car/benelli/
Bentley;;;https://auto.ria.com/uk/car/bentley/
BMW;;;https://auto.ria.com/uk/car/bmw/
Bomag;;;https://auto.ria.com/uk/car/bomag/
BOVA;;;https://auto.ria.com/uk/car/bova/
BRP;;;https://auto.ria.com/uk/car/brp/
Buick;;;https://auto.ria.com/uk/car/buick/
BYD;;;https://auto.ria.com/uk/car/byd/
Cadillac;;;https://auto.ria.com/uk/car/cadillac/
Caterpillar;;;https://auto.ria.com/uk/car/caterpillar/
CFMOTO;;;https://auto.ria.com/uk/car/cfmoto/
Chery;;;https://auto.ria.com/uk/car/chery/
Chevrolet;;;https://auto.ria.com/uk/car/chevrolet/
Chrysler;;;https://auto.ria.com/uk/car/chrysler/
Citroen;;;https://auto.ria.com/uk/car/citroen/
Crownline;;;https://auto.ria.com/uk/car/crownline/
Dacia;;;https://auto.ria.com/uk/car/dacia/
Dadi;;;https://auto.ria.com/uk/car/dadi/
Daewoo;;;https://auto.ria.com/uk/car/daewoo/
DAF;;;https://auto.ria.com/uk/car/daf/
Daihatsu;;;https://auto.ria.com/uk/car/daihatsu/
Defiant;;;https://auto.ria.com/uk/car/defiant/
Denza;;;https://auto.ria.com/uk/car/denza/
Dodge;;;https://auto.ria.com/uk/car/dodge/
Dongfeng;;;https://auto.ria.com/uk/car/dongfeng/
Ducati;;;https://auto.ria.com/uk/car/ducati/
Elwinn;;;https://auto.ria.com/uk/car/elwinn/
FAW;;;https://auto.ria.com/uk/car/faw/
Fiat;;;https://auto.ria.com/uk/car/fiat/
Fisker;;;https://auto.ria.com/uk/car/fisker/
Ford;;;https://auto.ria.com/uk/car/ford/
Geely;;;https://auto.ria.com/uk/car/geely/
Geon;;;https://auto.ria.com/uk/car/geon/
Gilera;;;https://auto.ria.com/uk/car/gilera/
GMC;;;https://auto.ria.com/uk/car/gmc/
Great Wall;;;https://auto.ria.com/uk/car/great-wall/
Harley-Davidson;;;https://auto.ria.com/uk/car/harley-davidson/
Honda;;;https://auto.ria.com/uk/car/honda/
Humbaur;;;https://auto.ria.com/uk/car/humbaur/
Hummer;;;https://auto.ria.com/uk/car/hummer/
Husqvarna;;;https://auto.ria.com/uk/car/husqvarna/
Hyosung;;;https://auto.ria.com/uk/car/hyosung/
Hyundai;;;https://auto.ria.com/uk/car/hyundai/
Infiniti;;;https://auto.ria.com/uk/car/infiniti/
Isuzu;;;https://auto.ria.com/uk/car/isuzu/
Iveco;;;https://auto.ria.com/uk/car/iveco/
JAC;;;https://auto.ria.com/uk/car/jac/
Jaguar;;;https://auto.ria.com/uk/car/jaguar/
Jawa;;;https://auto.ria.com/uk/car/jawa/
JCB;;;https://auto.ria.com/uk/car/jcb/
Jeep;;;https://auto.ria.com/uk/car/jeep/
Kanuni;;;https://auto.ria.com/uk/car/kanuni/
Kawasaki;;;https://auto.ria.com/uk/car/kawasaki/
Kaya;;;https://auto.ria.com/uk/car/kaya/
Kia;;;https://auto.ria.com/uk/car/kia/
Kogel;;;https://auto.ria.com/uk/car/kogel/
Krone;;;https://auto.ria.com/uk/car/krone/
KTM;;;https://auto.ria.com/uk/car/ktm/
Kubota;;;https://auto.ria.com/uk/car/kubota/
LAG;;;https://auto.ria.com/uk/car/lag/
Lamborghini;;;https://auto.ria.com/uk/car/lamborghini/
Lancia;;;https://auto.ria.com/uk/car/lancia/
Land Rover;;;https://auto.ria.com/uk/car/land-rover/
Lexus;;;https://auto.ria.com/uk/car/lexus/
Lifan;;;https://auto.ria.com/uk/car/lifan/
Like.Bike;;;https://auto.ria.com/uk/car/like-bike/
Lincoln;;;https://auto.ria.com/uk/car/lincoln/
MAG Trailer;;;https://auto.ria.com/uk/car/mag-trailer/
Malaguti;;;https://auto.ria.com/uk/car/malaguti/
MAN;;;https://auto.ria.com/uk/car/man/
Maserati;;;https://auto.ria.com/uk/car/maserati/
Maxxter;;;https://auto.ria.com/uk/car/maxxter/
Mazda;;;https://auto.ria.com/uk/car/mazda/
Mercedes-Benz;;;https://auto.ria.com/uk/car/mercedes-benz/
Mercury;;;https://auto.ria.com/uk/car/mercury/
MG;;;https://auto.ria.com/uk/car/mg/
MINI;;;https://auto.ria.com/uk/car/mini/
Mitsubishi;;;https://auto.ria.com/uk/car/mitsubishi/
Moto Guzzi;;;https://auto.ria.com/uk/car/moto-guzzi/
Mv agusta;;;https://auto.ria.com/uk/car/mv-agusta/
Neoplan;;;https://auto.ria.com/uk/car/neoplan/
New Holland;;;https://auto.ria.com/uk/car/new-holland/
Nissan;;;https://auto.ria.com/uk/car/nissan/
Opel;;;https://auto.ria.com/uk/car/opel/
Pacton;;;https://auto.ria.com/uk/car/pacton/
Peugeot;;;https://auto.ria.com/uk/car/peugeot/
Piaggio;;;https://auto.ria.com/uk/car/piaggio/
Polaris;;;https://auto.ria.com/uk/car/polaris/
Pontiac;;;https://auto.ria.com/uk/car/pontiac/
Porsche;;;https://auto.ria.com/uk/car/porsche/
Powerboat;;;https://auto.ria.com/uk/car/powerboat/
Pragmatec;;;https://auto.ria.com/uk/car/pragmatec/
Princess;;;https://auto.ria.com/uk/car/princess/
Renault;;;https://auto.ria.com/uk/car/renault/
Rolls-Royce;;;https://auto.ria.com/uk/car/rolls-royce/
Rover;;;https://auto.ria.com/uk/car/rover/
Sabur;;;https://auto.ria.com/uk/car/sabur/
Scania;;;https://auto.ria.com/uk/car/scania/
Schmitz;;;https://auto.ria.com/uk/car/schmitz/
Schmitz Cargobull;;;https://auto.ria.com/uk/car/schmitz-cargobull/
Schwarzmuller;;;https://auto.ria.com/uk/car/schwarzmuller/
SEAT;;;https://auto.ria.com/uk/car/seat/
Senke;;;https://auto.ria.com/uk/car/senke/
Shark;;;https://auto.ria.com/uk/car/shark/
Sinomach;;;https://auto.ria.com/uk/car/sinomach/
Skoda;;;https://auto.ria.com/uk/car/skoda/
Smart;;;https://auto.ria.com/uk/car/smart/
Sparta;;;https://auto.ria.com/uk/car/sparta/
Speed Gear;;;https://auto.ria.com/uk/car/speed-gear/
SsangYong;;;https://auto.ria.com/uk/car/ssangyong/
Subaru;;;https://auto.ria.com/uk/car/subaru/
Suzuki;;;https://auto.ria.com/uk/car/suzuki/
TCM;;;https://auto.ria.com/uk/car/tcm/
Temared;;;https://auto.ria.com/uk/car/temared/
Tesla;;;https://auto.ria.com/uk/car/tesla/
Toyota;;;https://auto.ria.com/uk/car/toyota/
Tracker;;;https://auto.ria.com/uk/car/tracker/
Viper;;;https://auto.ria.com/uk/car/viper/
Voge;;;https://auto.ria.com/uk/car/voge/
Volkswagen;;;https://auto.ria.com/uk/car/volkswagen/
Volvo;;;https://auto.ria.com/uk/car/volvo/
Yamaha;;;https://auto.ria.com/uk/car/yamaha/
YCF;;;https://auto.ria.com/uk/car/ycf/
YiBen;;;https://auto.ria.com/uk/car/yiben/
Yokomoto;;;https://auto.ria.com/uk/car/yokomoto/
Zeekr;;;https://auto.ria.com/uk/car/zeekr/
Zongshen;;;https://auto.ria.com/uk/car/zongshen/
А Ті Ві;;;https://auto.ria.com/uk/car/atv/
Абарт;;;https://auto.ria.com/uk/car/abarth/
АБМ;;;https://auto.ria.com/uk/car/abm/
Адвенчур;;;https://auto.ria.com/uk/car/adventure/
Адріа;;;https://auto.ria.com/uk/car/adria/
Акербі;;;https://auto.ria.com/uk/car/acerbi/
Ал-ко;;;https://auto.ria.com/uk/car/al-ko/
АЛЕКО;;;https://auto.ria.com/uk/car/aleko/
Альпіна;;;https://auto.ria.com/uk/car/bmw-alpina/
Альфа;;;https://auto.ria.com/uk/car/alfa/
Альфа;;;https://auto.ria.com/uk/car/alpha/
Аман;;;https://auto.ria.com/uk/car/ammann/
Амкодор;;;https://auto.ria.com/uk/car/amkodor/
Арктік кет;;;https://auto.ria.com/uk/car/arctic-cat/
Атаман;;;https://auto.ria.com/uk/car/ataman/
АІМА;;;https://auto.ria.com/uk/car/aima/
Баварія Яхтс;;;https://auto.ria.com/uk/car/bavaria/
Баджадж;;;https://auto.ria.com/uk/car/bajaj/
БАЗ;;;https://auto.ria.com/uk/car/baz/
Балканкар;;;https://auto.ria.com/uk/car/balkancar/
Башан;;;https://auto.ria.com/uk/car/bashan/
Беналу;;;https://auto.ria.com/uk/car/benalu/
Бергер;;;https://auto.ria.com/uk/car/berger/
Бета;;;https://auto.ria.com/uk/car/beta/
Блюмхардт;;;https://auto.ria.com/uk/car/blumhardt/
Бобер;;;https://auto.ria.com/uk/car/bober/
Бобкет;;;https://auto.ria.com/uk/car/bobcat/
Богдан;;;https://auto.ria.com/uk/car/bogdan/
Бодекс;;;https://auto.ria.com/uk/car/bodex/
Болган;;;https://auto.ria.com/uk/car/bolgan/
Бріг;;;https://auto.ria.com/uk/car/brig/
БСЄ;;;https://auto.ria.com/uk/car/bse/
Бург;;;https://auto.ria.com/uk/car/burg/
бус РАФ;;;https://auto.ria.com/uk/car/raf/
ВАЗ / Lada;;;https://auto.ria.com/uk/car/vaz-lada/
ВанХул;;;https://auto.ria.com/uk/car/van-hool/
Вартбург;;;https://auto.ria.com/uk/car/wartburg/
ВДЛ;;;https://auto.ria.com/uk/car/vdl/
Вейліфтер;;;https://auto.ria.com/uk/car/weightlifter/
Вельтмейстер;;;https://auto.ria.com/uk/car/weltmeister/
Віелтон;;;https://auto.ria.com/uk/car/wielton/
Вікенд;;;https://auto.ria.com/uk/car/weekend/
Вікторі;;;https://auto.ria.com/uk/car/victory/
Вілкокс;;;https://auto.ria.com/uk/car/wilcox/
Вілліг;;;https://auto.ria.com/uk/car/willig/
Віртген;;;https://auto.ria.com/uk/car/wirtgen/
ГАЗ;;;https://auto.ria.com/uk/car/gaz/
Галеон;;;https://auto.ria.com/uk/car/galeon/
Генезіс;;;https://auto.ria.com/uk/car/genesis/
Гластрон;;;https://auto.ria.com/uk/car/glastron/
Голдхофер;;;https://auto.ria.com/uk/car/goldhofer/
Гофа;;;https://auto.ria.com/uk/car/gofa/
ГРАС;;;https://auto.ria.com/uk/car/gras/
Гроне веген;;;https://auto.ria.com/uk/car/groenewegen/
Гєніє;;;https://auto.ria.com/uk/car/genie/
Гідромек;;;https://auto.ria.com/uk/car/hidromek/
Дельта;;;https://auto.ria.com/uk/car/delta/
Деннісон;;;https://auto.ria.com/uk/car/dennison/
Десот;;;https://auto.ria.com/uk/car/desot/
Детлефс;;;https://auto.ria.com/uk/car/dethleffs/
Дженерал Трейлерс;;;https://auto.ria.com/uk/car/general-trailers/
Дженміл;;;https://auto.ria.com/uk/car/janmil/
Джетур;;;https://auto.ria.com/uk/car/jetour/
Джіанше;;;https://auto.ria.com/uk/car/jianshe/
Днепр;;;https://auto.ria.com/uk/car/dnepr/
Дніпро;;;https://auto.ria.com/uk/car/dnipro/
Дніпро-КМЗ;;;https://auto.ria.com/uk/car/dnepr-kmz/
Доган;;;https://auto.ria.com/uk/car/dogan/
Дромеч;;;https://auto.ria.com/uk/car/dromech/
ДС;;;https://auto.ria.com/uk/car/ds/
Дусан;;;https://auto.ria.com/uk/car/doosan/
Еверласт;;;https://auto.ria.com/uk/car/everlast/
Ексдрайв;;;https://auto.ria.com/uk/car/exdrive/
Елєктро Скутєр;;;https://auto.ria.com/uk/car/electric-scooter/
Енерко;;;https://auto.ria.com/uk/car/enerco/
ЕОС;;;https://auto.ria.com/uk/car/eos/
Ес Ді Сі;;;https://auto.ria.com/uk/car/sdc/
ЗАЗ;;;https://auto.ria.com/uk/car/zaz/
ЗАЗ ЛуАЗ;;;https://auto.ria.com/uk/car/luaz/
Заслав;;;https://auto.ria.com/uk/car/zaslaw/
ЗИЛ;;;https://auto.ria.com/uk/car/zil/
Зонтес;;;https://auto.ria.com/uk/car/zontes/
Зремб;;;https://auto.ria.com/uk/car/zremb/
ЗХ;;;https://auto.ria.com/uk/car/zx/
Казанка;;;https://auto.ria.com/uk/car/kazanka/
Кайо;;;https://auto.ria.com/uk/car/kayo/
КамАЗ;;;https://auto.ria.com/uk/car/kamaz/
Карді;;;https://auto.ria.com/uk/car/cardi/
Карнехл;;;https://auto.ria.com/uk/car/carnehl/
Кассбохрер;;;https://auto.ria.com/uk/car/kassbohrer/
катер Крим;;;https://auto.ria.com/uk/car/krym/
катер СіРей;;;https://auto.ria.com/uk/car/sea-ray/
Келберг;;;https://auto.ria.com/uk/car/kelberg/
Кемпф;;;https://auto.ria.com/uk/car/kempf/
Кес Конструкшн;;;https://auto.ria.com/uk/car/case-construction/
Кнапен;;;https://auto.ria.com/uk/car/knapen/
Кобелко;;;https://auto.ria.com/uk/car/kobelco/
Кобо;;;https://auto.ria.com/uk/car/cobo/
Кові;;;https://auto.ria.com/uk/car/kovi/
Кодер;;;https://auto.ria.com/uk/car/coder/
Коматсу;;;https://auto.ria.com/uk/car/komatsu/
Комман;;;https://auto.ria.com/uk/car/comman/
КрАЗ;;;https://auto.ria.com/uk/car/kraz/
Купра;;;https://auto.ria.com/uk/car/cupra/
Ківей;;;https://auto.ria.com/uk/car/keeway/
Кімко;;;https://auto.ria.com/uk/car/kymco/
Кінлон;;;https://auto.ria.com/uk/car/kinlon/
ЛАГ;;;https://auto.ria.com/uk/car/l-a-g/
ЛАЗ;;;https://auto.ria.com/uk/car/laz/
Ламберет;;;https://auto.ria.com/uk/car/lamberet/
Лангендорф;;;https://auto.ria.com/uk/car/langendorf/
Лацінена;;;https://auto.ria.com/uk/car/lecinena/
ЛДВ;;;https://auto.ria.com/uk/car/ldv/
ЛДС;;;https://auto.ria.com/uk/car/lds/
Лев;;;https://auto.ria.com/uk/car/lev/
ЛесіТрейлер;;;https://auto.ria.com/uk/car/lecitrailer/
Лонкін;;;https://auto.ria.com/uk/car/loncin/
Львівський навантажувач;;;https://auto.ria.com/uk/car/lvovskij-pogruzchik/
Люсід;;;https://auto.ria.com/uk/car/lucid/
Лінде;;;https://auto.ria.com/uk/car/linde/
Лінхай;;;https://auto.ria.com/uk/car/linhai/
ЛіуГонг;;;https://auto.ria.com/uk/car/liugong/
Магіар;;;https://auto.ria.com/uk/car/magyar/
МАЗ;;;https://auto.ria.com/uk/car/maz/
Майрлінг;;;https://auto.ria.com/uk/car/meierling/
Максус;;;https://auto.ria.com/uk/car/maxus/
Маніту;;;https://auto.ria.com/uk/car/manitou/
Маісонью;;;https://auto.ria.com/uk/car/maisonneuv/
Мейлер;;;https://auto.ria.com/uk/car/meiller/
Менчі;;;https://auto.ria.com/uk/car/menci/
Мерцерон;;;https://auto.ria.com/uk/car/merceron/
Метако;;;https://auto.ria.com/uk/car/metaco/
ММЗ;;;https://auto.ria.com/uk/car/mmz/
МОЛ;;;https://auto.ria.com/uk/car/mol/
Монтракон;;;https://auto.ria.com/uk/car/montracon/
Москвич/АЗЛК;;;https://auto.ria.com/uk/car/moskvich-azlk/
мото ВОСХОД;;;https://auto.ria.com/uk/car/voskhod/
Мото-Лідер;;;https://auto.ria.com/uk/car/moto-leader/
Мустанг;;;https://auto.ria.com/uk/car/musstang/
Мустанг;;;https://auto.ria.com/uk/car/mustang/
Мікілон;;;https://auto.ria.com/uk/car/mikilon/
Мінськ;;;https://auto.ria.com/uk/car/minsk/
Новатрейл;;;https://auto.ria.com/uk/car/novatrail/
НПП Палич;;;https://auto.ria.com/uk/car/npp-palych/
Нутебум;;;https://auto.ria.com/uk/car/nooteboom/
Нієвіадов;;;https://auto.ria.com/uk/car/niewiadow/
Ова;;;https://auto.ria.com/uk/car/ova/
ОМТ;;;https://auto.ria.com/uk/car/omt/
ПАВАМ;;;https://auto.ria.com/uk/car/pavam/
ПАЗ;;;https://auto.ria.com/uk/car/paz/
Панав;;;https://auto.ria.com/uk/car/panav/
ПВА;;;https://auto.ria.com/uk/car/pva/
ПГМФ;;;https://auto.ria.com/uk/car/pgmf/
Плімут;;;https://auto.ria.com/uk/car/plymouth/
Полестар;;;https://auto.ria.com/uk/car/polestar/
ПП;;;https://auto.ria.com/uk/car/pp/
Причіп;;;https://auto.ria.com/uk/car/pricep/
причіп ВАРЗ;;;https://auto.ria.com/uk/car/varz/
причіп ГКБ;;;https://auto.ria.com/uk/car/gkb/
причіп Кремінь;;;https://auto.ria.com/uk/car/kremen/
причіп МЕГА;;;https://auto.ria.com/uk/car/mega/
причіп Муравей;;;https://auto.ria.com/uk/car/muravej/
причіп ОДАЗ;;;https://auto.ria.com/uk/car/odaz/
причіп Сантей;;;https://auto.ria.com/uk/car/santej/
причіп СЗАП;;;https://auto.ria.com/uk/car/szap/
причіп ЧМЗАП;;;https://auto.ria.com/uk/car/chmzap/
Прогрес;;;https://auto.ria.com/uk/car/progress/
ПРТ;;;https://auto.ria.com/uk/car/prt/
Равон;;;https://auto.ria.com/uk/car/ravon/
Райдер;;;https://auto.ria.com/uk/car/rider/
Рам;;;https://auto.ria.com/uk/car/ram/
Рейш;;;https://auto.ria.com/uk/car/reisch/
Рендерс;;;https://auto.ria.com/uk/car/renders/
Робуст;;;https://auto.ria.com/uk/car/robuste/
Рохр;;;https://auto.ria.com/uk/car/rohr/
РУТА;;;https://auto.ria.com/uk/car/ruta/
Рівіан;;;https://auto.ria.com/uk/car/rivian/
Сааб;;;https://auto.ria.com/uk/car/saab/
Саманд;;;https://auto.ria.com/uk/car/samand/
Саморобний;;;https://auto.ria.com/uk/car/samodelnyj/
Самро;;;https://auto.ria.com/uk/car/samro/
СауІст;;;https://auto.ria.com/uk/car/soueast/
СВІФТ;;;https://auto.ria.com/uk/car/swift/
Сегвей;;;https://auto.ria.com/uk/car/segway/
Сетра;;;https://auto.ria.com/uk/car/setra/
СкайБайк;;;https://auto.ria.com/uk/car/skybike/
СкайМото;;;https://auto.ria.com/uk/car/skymoto/
СМА;;;https://auto.ria.com/uk/car/sma/
СМТ;;;https://auto.ria.com/uk/car/cmt/
Соммер;;;https://auto.ria.com/uk/car/sommer/
Спайер;;;https://auto.ria.com/uk/car/spier/
Спарк;;;https://auto.ria.com/uk/car/spark/
СТАС;;;https://auto.ria.com/uk/car/stas/
Стокота;;;https://auto.ria.com/uk/car/stokota/
Стілл;;;https://auto.ria.com/uk/car/still/
Стім;;;https://auto.ria.com/uk/car/stim/
Сумітомо;;;https://auto.ria.com/uk/car/sumitomo/
Сцион;;;https://auto.ria.com/uk/car/scion/
Сяомі;;;https://auto.ria.com/uk/car/xiaomi/
Сім;;;https://auto.ria.com/uk/car/sym/
Табберт;;;https://auto.ria.com/uk/car/tabbert/
ТАД;;;https://auto.ria.com/uk/car/tad/
Тадано;;;https://auto.ria.com/uk/car/tadano/
Татра;;;https://auto.ria.com/uk/car/tatra/
Теккен;;;https://auto.ria.com/uk/car/tekken/
Терекс;;;https://auto.ria.com/uk/car/terex/
трактор ЧТЗ;;;https://auto.ria.com/uk/car/chtz/
Трейлер;;;https://auto.ria.com/uk/car/trailer/
Трейлор;;;https://auto.ria.com/uk/car/trailor/
Троуілет;;;https://auto.ria.com/uk/car/trouillet/
Тріумф;;;https://auto.ria.com/uk/car/triumph/
Тула мотоцикл;;;https://auto.ria.com/uk/car/tula/
УАЗ;;;https://auto.ria.com/uk/car/uaz/
Українська мрія;;;https://auto.ria.com/uk/car/ukrainska-mriya/
Урал;;;https://auto.ria.com/uk/car/ural/
Фада;;;https://auto.ria.com/uk/car/fada/
Файмонвіль;;;https://auto.ria.com/uk/car/faymonville/
Фелдбіндер;;;https://auto.ria.com/uk/car/feldbinder/
Флур;;;https://auto.ria.com/uk/car/floor/
Флуід;;;https://auto.ria.com/uk/car/fluid/
Флігл;;;https://auto.ria.com/uk/car/fliegl/
Фор Вінс;;;https://auto.ria.com/uk/car/four-winns/
Форте;;;https://auto.ria.com/uk/car/forte/
Фотон;;;https://auto.ria.com/uk/car/foton/
Фрухауф;;;https://auto.ria.com/uk/car/fruehauf/
Фібер;;;https://auto.ria.com/uk/car/feber/
Фінвал;;;https://auto.ria.com/uk/car/finval/
Хавал;;;https://auto.ria.com/uk/car/haval/
ХАЗ;;;https://auto.ria.com/uk/car/khaz-antorus/
Хамер;;;https://auto.ria.com/uk/car/hamer/
Хамм;;;https://auto.ria.com/uk/car/hamm/
Хаммер;;;https://auto.ria.com/uk/car/hammer/
Хантер;;;https://auto.ria.com/uk/car/hunter/
Хаулот;;;https://auto.ria.com/uk/car/haulotte/
Хафей;;;https://auto.ria.com/uk/car/hafei/
Хендрікс;;;https://auto.ria.com/uk/car/hendricks/
Хоббі;;;https://auto.ria.com/uk/car/hobby/
Хово;;;https://auto.ria.com/uk/car/howo/
Хонгда;;;https://auto.ria.com/uk/car/hongda/
Хорнет;;;https://auto.ria.com/uk/car/hornet/
ХЦМГ;;;https://auto.ria.com/uk/car/xcmg/
Хістер;;;https://auto.ria.com/uk/car/hyster/
Цітококо;;;https://auto.ria.com/uk/car/citycoco/
Чана;;;https://auto.ria.com/uk/car/chana/
Чанган;;;https://auto.ria.com/uk/car/changan/
Чезет;;;https://auto.ria.com/uk/car/cezet-chezet/
Чендж;;;https://auto.ria.com/uk/car/changhe/
Череау;;;https://auto.ria.com/uk/car/chereau/
човен Бустер;;;https://auto.ria.com/uk/car/buster/
човен Колібрі;;;https://auto.ria.com/uk/car/kolibri-kolibri/
човен Обь;;;https://auto.ria.com/uk/car/ob/
човен Скіф;;;https://auto.ria.com/uk/car/skif/
човен ЮМС;;;https://auto.ria.com/uk/car/ums/
Чінчі;;;https://auto.ria.com/uk/car/qingqi/
Шанрай;;;https://auto.ria.com/uk/car/shineray/
ШМІДТ;;;https://auto.ria.com/uk/car/schmidt/
Шпітцер;;;https://auto.ria.com/uk/car/spitzer/
Южанка;;;https://auto.ria.com/uk/car/yuzhanka/
Юнгхайнріх;;;https://auto.ria.com/uk/car/jungheinrich/
Ютонг;;;https://auto.ria.com/uk/car/yutong/
Ява ЦЗ;;;https://auto.ria.com/uk/car/jawa-yava-cz/
Ядеа;;;https://auto.ria.com/uk/car/yadea/
Яле;;;https://auto.ria.com/uk/car/yale/
Янмар;;;https://auto.ria.com/uk/car/yanmar/
ІЖ;;;https://auto.ria.com/uk/car/izh/
Ікарус;;;https://auto.ria.com/uk/car/ikarus/
Індокс;;;https://auto.ria.com/uk/car/indox/
Індіан;;;https://auto.ria.com/uk/car/indian/
Інтер Карс;;;https://auto.ria.com/uk/car/inter-cars/
ІФА;;;https://auto.ria.com/uk/car/ifa-ifa/
