brand_id,brand_name,count,url,ok,attempts
5166,Abarth,0,https://auto.ria.com/uk/search/?search_type=1&category=1&all[0].any[0].brand=5166&abroad=0&customs_cleared=1,False,3
98,Acura,0,https://auto.ria.com/uk/search/?search_type=1&category=1&all[0].any[0].brand=98&abroad=0&customs_cleared=1,False,3
2396,Adler,0,https://auto.ria.com/uk/search/?search_type=1&category=1&all[0].any[0].brand=2396&abroad=0&customs_cleared=1,False,3
5165,Aero,0,https://auto.ria.com/uk/search/?search_type=1&category=1&all[0].any[0].brand=5165&abroad=0&customs_cleared=1,False,3
55172,AION,0,https://auto.ria.com/uk/search/?search_type=1&category=1&all[0].any[0].brand=55172&abroad=0&customs_cleared=1,False,3
55656,Aito,0,https://auto.ria.com/uk/search/?search_type=1&category=1&all[0].any[0].brand=55656&abroad=0&customs_cleared=1,False,3
55399,Aiways,0,https://auto.ria.com/uk/search/?search_type=1&category=1&all[0].any[0].brand=55399&abroad=0&customs_cleared=1,False,3
2,Aixam,0,https://auto.ria.com/uk/search/?search_type=1&category=1&all[0].any[0].brand=2&abroad=0&customs_cleared=1,False,3
3,Alfa Romeo,0,https://auto.ria.com/uk/search/?search_type=1&category=1&all[0].any[0].brand=3&abroad=0&customs_cleared=1,False,3
100,Alpine,0,https://auto.ria.com/uk/search/?search_type=1&category=1&all[0].any[0].brand=100&abroad=0&customs_cleared=1,False,3
3988,Altamarea,0,https://auto.ria.com/uk/search/?search_type=1&category=1&all[0].any[0].brand=3988&abroad=0&customs_cleared=1,False,3
5821,AMC,0,https://auto.ria.com/uk/search/?search_type=1&category=1&all[0].any[0].brand=5821&abroad=0&customs_cleared=1,False,3
5769,Anaig,0,https://auto.ria.com/uk/search/?search_type=1&category=1&all[0].any[0].brand=5769&abroad=0&customs_cleared=1,False,3
5276,Armstrong Siddeley,0,https://auto.ria.com/uk/search/?search_type=1&category=1&all[0].any[0].brand=5276&abroad=0&customs_cleared=1,False,3
101,Aro,0,https://auto.ria.com/uk/search/?search_type=1&category=1&all[0].any[0].brand=101&abroad=0&customs_cleared=1,False,3
3105,Artega,0,https://auto.ria.com/uk/search/?search_type=1&category=1&all[0].any[0].brand=3105&abroad=0&customs_cleared=1,False,3
4,Asia,0,https://auto.ria.com/uk/search/?search_type=1&category=1&all[0].any[0].brand=4&abroad=0&customs_cleared=1,False,3
5793,AsiaStar,0,https://auto.ria.com/uk/search/?search_type=1&category=1&all[0].any[0].brand=5793&abroad=0&customs_cleared=1,False,3
5,Aston Martin,0,https://auto.ria.com/uk/search/?search_type=1&category=1&all[0].any[0].brand=5&abroad=0&customs_cleared=1,False,3
6160,ATS Corsa,0,https://auto.ria.com/uk/search/?search_type=1&category=1&all[0].any[0].brand=6160&abroad=0&customs_cleared=1,False,3
6,Audi,0,https://auto.ria.com/uk/search/?search_type=1&category=1&all[0].any[0].brand=6&abroad=0&customs_cleared=1,False,3
7,Austin,0,https://auto.ria.com/uk/search/?search_type=1&category=1&all[0].any[0].brand=7&abroad=0&customs_cleared=1,False,3
4355,Austin-Healey,0,https://auto.ria.com/uk/search/?search_type=1&category=1&all[0].any[0].brand=4355&abroad=0&customs_cleared=1,False,3
102,Autobianchi,0,https://auto.ria.com/uk/search/?search_type=1&category=1&all[0].any[0].brand=102&abroad=0&customs_cleared=1,False,3
55330,Avatr,0,https://auto.ria.com/uk/search/?search_type=1&category=1&all[0].any[0].brand=55330&abroad=0&customs_cleared=1,False,3
55051,BAIC,0,https://auto.ria.com/uk/search/?search_type=1&category=1&all[0].any[0].brand=55051&abroad=0&customs_cleared=1,False,3
6228,Baojun,0,https://auto.ria.com/uk/search/?search_type=1&category=1&all[0].any[0].brand=6228&abroad=0&customs_cleared=1,False,3
5245,Baoya,0,https://auto.ria.com/uk/search/?search_type=1&category=1&all[0].any[0].brand=5245&abroad=0&customs_cleared=1,False,3
103,Barkas (Баркас),0,https://auto.ria.com/uk/search/?search_type=1&category=1&all[0].any[0].brand=103&abroad=0&customs_cleared=1,False,3
1540,Baw,0,https://auto.ria.com/uk/search/?search_type=1&category=1&all[0].any[0].brand=1540&abroad=0&customs_cleared=1,False,3
105,Beijing,0,https://auto.ria.com/uk/search/?search_type=1&category=1&all[0].any[0].brand=105&abroad=0&customs_cleared=1,False,3
8,Bentley,0,https://auto.ria.com/uk/search/?search_type=1&category=1&all[0].any[0].brand=8&abroad=0&customs_cleared=1,False,3
55530,Bentley Mulliner,0,https://auto.ria.com/uk/search/?search_type=1&category=1&all[0].any[0].brand=55530&abroad=0&customs_cleared=1,False,3
106,Bertone,0,https://auto.ria.com/uk/search/?search_type=1&category=1&all[0].any[0].brand=106&abroad=0&customs_cleared=1,False,3
3127,Bio Auto,0,https://auto.ria.com/uk/search/?search_type=1&category=1&all[0].any[0].brand=3127&abroad=0&customs_cleared=1,False,3
108,Blonell,0,https://auto.ria.com/uk/search/?search_type=1&category=1&all[0].any[0].brand=108&abroad=0&customs_cleared=1,False,3
55266,BlueCar,0,https://auto.ria.com/uk/search/?search_type=1&category=1&all[0].any[0].brand=55266&abroad=0&customs_cleared=1,False,3
9,BMW,0,https://auto.ria.com/uk/search/?search_type=1&category=1&all[0].any[0].brand=9&abroad=0&customs_cleared=1,False,3
99,BMW-Alpina,0,https://auto.ria.com/uk/search/?search_type=1&category=1&all[0].any[0].brand=99&abroad=0&customs_cleared=1,False,3
6310,Bollinger,0,https://auto.ria.com/uk/search/?search_type=1&category=1&all[0].any[0].brand=6310&abroad=0&customs_cleared=1,False,3
5240,Borgward,0,https://auto.ria.com/uk/search/?search_type=1&category=1&all[0].any[0].brand=5240&abroad=0&customs_cleared=1,False,3
329,Brilliance,0,https://auto.ria.com/uk/search/?search_type=1&category=1&all[0].any[0].brand=329&abroad=0&customs_cleared=1,False,3
10,Bristol,0,https://auto.ria.com/uk/search/?search_type=1&category=1&all[0].any[0].brand=10&abroad=0&customs_cleared=1,False,3
109,Bugatti,0,https://auto.ria.com/uk/search/?search_type=1&category=1&all[0].any[0].brand=109&abroad=0&customs_cleared=1,False,3
110,Buick,0,https://auto.ria.com/uk/search/?search_type=1&category=1&all[0].any[0].brand=110&abroad=0&customs_cleared=1,False,3
386,BYD,0,https://auto.ria.com/uk/search/?search_type=1&category=1&all[0].any[0].brand=386&abroad=0&customs_cleared=1,False,3
6260,Byton,0,https://auto.ria.com/uk/search/?search_type=1&category=1&all[0].any[0].brand=6260&abroad=0&customs_cleared=1,False,3
11,Cadillac,0,https://auto.ria.com/uk/search/?search_type=1&category=1&all[0].any[0].brand=11&abroad=0&customs_cleared=1,False,3
3221,Caterham,0,https://auto.ria.com/uk/search/?search_type=1&category=1&all[0].any[0].brand=3221&abroad=0&customs_cleared=1,False,3
55284,CATL,0,https://auto.ria.com/uk/search/?search_type=1&category=1&all[0].any[0].brand=55284&abroad=0&customs_cleared=1,False,3
6294,Cenntro,0,https://auto.ria.com/uk/search/?search_type=1&category=1&all[0].any[0].brand=6294&abroad=0&customs_cleared=1,False,3
55610,CEVO-C,0,https://auto.ria.com/uk/search/?search_type=1&category=1&all[0].any[0].brand=55610&abroad=0&customs_cleared=1,False,3
407,Chana,0,https://auto.ria.com/uk/search/?search_type=1&category=1&all[0].any[0].brand=407&abroad=0&customs_cleared=1,False,3
1580,Changan,0,https://auto.ria.com/uk/search/?search_type=1&category=1&all[0].any[0].brand=1580&abroad=0&customs_cleared=1,False,3
55143,Changfeng,0,https://auto.ria.com/uk/search/?search_type=1&category=1&all[0].any[0].brand=55143&abroad=0&customs_cleared=1,False,3
1567,Changhe,0,https://auto.ria.com/uk/search/?search_type=1&category=1&all[0].any[0].brand=1567&abroad=0&customs_cleared=1,False,3
55171,Chanje,0,https://auto.ria.com/uk/search/?search_type=1&category=1&all[0].any[0].brand=55171&abroad=0&customs_cleared=1,False,3
190,Chery,0,https://auto.ria.com/uk/search/?search_type=1&category=1&all[0].any[0].brand=190&abroad=0&customs_cleared=1,False,3
13,Chevrolet,0,https://auto.ria.com/uk/search/?search_type=1&category=1&all[0].any[0].brand=13&abroad=0&customs_cleared=1,False,3
14,Chrysler,0,https://auto.ria.com/uk/search/?search_type=1&category=1&all[0].any[0].brand=14&abroad=0&customs_cleared=1,False,3
15,Citroen,0,https://auto.ria.com/uk/search/?search_type=1&category=1&all[0].any[0].brand=15&abroad=0&customs_cleared=1,False,3
1451,Cupra,0,https://auto.ria.com/uk/search/?search_type=1&category=1&all[0].any[0].brand=1451&abroad=0&customs_cleared=1,False,3
17,Dacia,0,https://auto.ria.com/uk/search/?search_type=1&category=1&all[0].any[0].brand=17&abroad=0&customs_cleared=1,False,3
198,Dadi,0,https://auto.ria.com/uk/search/?search_type=1&category=1&all[0].any[0].brand=198&abroad=0&customs_cleared=1,False,3
55242,Daechang,0,https://auto.ria.com/uk/search/?search_type=1&category=1&all[0].any[0].brand=55242&abroad=0&customs_cleared=1,False,3
18,Daewoo,0,https://auto.ria.com/uk/search/?search_type=1&category=1&all[0].any[0].brand=18&abroad=0&customs_cleared=1,False,3
115,DAF,0,https://auto.ria.com/uk/search/?search_type=1&category=1&all[0].any[0].brand=115&abroad=0&customs_cleared=1,False,3
1441,DAF / VDL,0,https://auto.ria.com/uk/search/?search_type=1&category=1&all[0].any[0].brand=1441&abroad=0&customs_cleared=1,False,3
3717,Dagger,0,https://auto.ria.com/uk/search/?search_type=1&category=1&all[0].any[0].brand=3717&abroad=0&customs_cleared=1,False,3
19,Daihatsu,0,https://auto.ria.com/uk/search/?search_type=1&category=1&all[0].any[0].brand=19&abroad=0&customs_cleared=1,False,3
20,Daimler,0,https://auto.ria.com/uk/search/?search_type=1&category=1&all[0].any[0].brand=20&abroad=0&customs_cleared=1,False,3
4206,Datsun,0,https://auto.ria.com/uk/search/?search_type=1&category=1&all[0].any[0].brand=4206&abroad=0&customs_cleared=1,False,3
3071,De Lorean,0,https://auto.ria.com/uk/search/?search_type=1&category=1&all[0].any[0].brand=3071&abroad=0&customs_cleared=1,False,3
55740,Deepal,0,https://auto.ria.com/uk/search/?search_type=1&category=1&all[0].any[0].brand=55740&abroad=0&customs_cleared=1,False,3
55216,Denza,0,https://auto.ria.com/uk/search/?search_type=1&category=1&all[0].any[0].brand=55216&abroad=0&customs_cleared=1,False,3
4328,Derways,0,https://auto.ria.com/uk/search/?search_type=1&category=1&all[0].any[0].brand=4328&abroad=0&customs_cleared=1,False,3
4883,Detroit Electric,0,https://auto.ria.com/uk/search/?search_type=1&category=1&all[0].any[0].brand=4883&abroad=0&customs_cleared=1,False,3
4077,DFSK,0,https://auto.ria.com/uk/search/?search_type=1&category=1&all[0].any[0].brand=4077&abroad=0&customs_cleared=1,False,3
55538,Diandongwu,0,https://auto.ria.com/uk/search/?search_type=1&category=1&all[0].any[0].brand=55538&abroad=0&customs_cleared=1,False,3
2243,DKW,0,https://auto.ria.com/uk/search/?search_type=1&category=1&all[0].any[0].brand=2243&abroad=0&customs_cleared=1,False,3
118,Dodge,0,https://auto.ria.com/uk/search/?search_type=1&category=1&all[0].any[0].brand=118&abroad=0&customs_cleared=1,False,3
308,Dongfeng,0,https://auto.ria.com/uk/search/?search_type=1&category=1&all[0].any[0].brand=308&abroad=0&customs_cleared=1,False,3
5051,Dr. Motor,0,https://auto.ria.com/uk/search/?search_type=1&category=1&all[0].any[0].brand=5051&abroad=0&customs_cleared=1,False,3
4495,DS,0,https://auto.ria.com/uk/search/?search_type=1&category=1&all[0].any[0].brand=4495&abroad=0&customs_cleared=1,False,3
55653,e.Go,0,https://auto.ria.com/uk/search/?search_type=1&category=1&all[0].any[0].brand=55653&abroad=0&customs_cleared=1,False,3
120,Eagle,0,https://auto.ria.com/uk/search/?search_type=1&category=1&all[0].any[0].brand=120&abroad=0&customs_cleared=1,False,3
5469,Elwinn,0,https://auto.ria.com/uk/search/?search_type=1&category=1&all[0].any[0].brand=5469&abroad=0&customs_cleared=1,False,3
55513,Emgrand EV 350,0,https://auto.ria.com/uk/search/?search_type=1&category=1&all[0].any[0].brand=55513&abroad=0&customs_cleared=1,False,3
55225,Enovate,0,https://auto.ria.com/uk/search/?search_type=1&category=1&all[0].any[0].brand=55225&abroad=0&customs_cleared=1,False,3
1413,Ernst Auwarter,0,https://auto.ria.com/uk/search/?search_type=1&category=1&all[0].any[0].brand=1413&abroad=0&customs_cleared=1,False,3
3921,Estrima,0,https://auto.ria.com/uk/search/?search_type=1&category=1&all[0].any[0].brand=3921&abroad=0&customs_cleared=1,False,3
55748,EVO,0,https://auto.ria.com/uk/search/?search_type=1&category=1&all[0].any[0].brand=55748&abroad=0&customs_cleared=1,False,3
55483,Excalibur,0,https://auto.ria.com/uk/search/?search_type=1&category=1&all[0].any[0].brand=55483&abroad=0&customs_cleared=1,False,3
121,FAW,0,https://auto.ria.com/uk/search/?search_type=1&category=1&all[0].any[0].brand=121&abroad=0&customs_cleared=1,False,3
55208,FAW Bestune,0,https://auto.ria.com/uk/search/?search_type=1&category=1&all[0].any[0].brand=55208&abroad=0&customs_cleared=1,False,3
55640,FCB,0,https://auto.ria.com/uk/search/?search_type=1&category=1&all[0].any[0].brand=55640&abroad=0&customs_cleared=1,False,3
22,Ferrari,0,https://auto.ria.com/uk/search/?search_type=1&category=1&all[0].any[0].brand=22&abroad=0&customs_cleared=1,False,3
23,Fiat,0,https://auto.ria.com/uk/search/?search_type=1&category=1&all[0].any[0].brand=23&abroad=0&customs_cleared=1,False,3
4459,Fiat-Abarth,0,https://auto.ria.com/uk/search/?search_type=1&category=1&all[0].any[0].brand=4459&abroad=0&customs_cleared=1,False,3
3444,Fisker,0,https://auto.ria.com/uk/search/?search_type=1&category=1&all[0].any[0].brand=3444&abroad=0&customs_cleared=1,False,3
24,Ford,0,https://auto.ria.com/uk/search/?search_type=1&category=1&all[0].any[0].brand=24&abroad=0&customs_cleared=1,False,3
3104,Fornasari,0,https://auto.ria.com/uk/search/?search_type=1&category=1&all[0].any[0].brand=3104&abroad=0&customs_cleared=1,False,3
55370,Forthing,0,https://auto.ria.com/uk/search/?search_type=1&category=1&all[0].any[0].brand=55370&abroad=0&customs_cleared=1,False,3
187,Foton,0,https://auto.ria.com/uk/search/?search_type=1&category=1&all[0].any[0].brand=187&abroad=0&customs_cleared=1,False,3
25,FSO,0,https://auto.ria.com/uk/search/?search_type=1&category=1&all[0].any[0].brand=25&abroad=0&customs_cleared=1,False,3
197,FUQI,0,https://auto.ria.com/uk/search/?search_type=1&category=1&all[0].any[0].brand=197&abroad=0&customs_cleared=1,False,3
4506,Gac,0,https://auto.ria.com/uk/search/?search_type=1&category=1&all[0].any[0].brand=4506&abroad=0&customs_cleared=1,False,3
55252,GAC-Honda,0,https://auto.ria.com/uk/search/?search_type=1&category=1&all[0].any[0].brand=55252&abroad=0&customs_cleared=1,False,3
185,Geely,0,https://auto.ria.com/uk/search/?search_type=1&category=1&all[0].any[0].brand=185&abroad=0&customs_cleared=1,False,3
2604,Genesis,0,https://auto.ria.com/uk/search/?search_type=1&category=1&all[0].any[0].brand=2604&abroad=0&customs_cleared=1,False,3
2790,Geo,0,https://auto.ria.com/uk/search/?search_type=1&category=1&all[0].any[0].brand=2790&abroad=0&customs_cleared=1,False,3
123,GMC,0,https://auto.ria.com/uk/search/?search_type=1&category=1&all[0].any[0].brand=123&abroad=0&customs_cleared=1,False,3
4316,Golf Car,0,https://auto.ria.com/uk/search/?search_type=1&category=1&all[0].any[0].brand=4316&abroad=0&customs_cleared=1,False,3
183,Gonow,0,https://auto.ria.com/uk/search/?search_type=1&category=1&all[0].any[0].brand=183&abroad=0&customs_cleared=1,False,3
124,Great Wall,0,https://auto.ria.com/uk/search/?search_type=1&category=1&all[0].any[0].brand=124&abroad=0&customs_cleared=1,False,3
1575,Groz,0,https://auto.ria.com/uk/search/?search_type=1&category=1&all[0].any[0].brand=1575&abroad=0&customs_cleared=1,False,3
55752,GWM,0,https://auto.ria.com/uk/search/?search_type=1&category=1&all[0].any[0].brand=55752&abroad=0&customs_cleared=1,False,3
191,Hafei,0,https://auto.ria.com/uk/search/?search_type=1&category=1&all[0].any[0].brand=191&abroad=0&customs_cleared=1,False,3
3674,Haima,0,https://auto.ria.com/uk/search/?search_type=1&category=1&all[0].any[0].brand=3674&abroad=0&customs_cleared=1,False,3
1784,Hanomag,0,https://auto.ria.com/uk/search/?search_type=1&category=1&all[0].any[0].brand=1784&abroad=0&customs_cleared=1,False,3
2053,Hansa,0,https://auto.ria.com/uk/search/?search_type=1&category=1&all[0].any[0].brand=2053&abroad=0&customs_cleared=1,False,3
55308,Hanteng,0,https://auto.ria.com/uk/search/?search_type=1&category=1&all[0].any[0].brand=55308&abroad=0&customs_cleared=1,False,3
5456,Haval,0,https://auto.ria.com/uk/search/?search_type=1&category=1&all[0].any[0].brand=5456&abroad=0&customs_cleared=1,False,3
5791,Hawtai,0,https://auto.ria.com/uk/search/?search_type=1&category=1&all[0].any[0].brand=5791&abroad=0&customs_cleared=1,False,3
3411,Hindustan,0,https://auto.ria.com/uk/search/?search_type=1&category=1&all[0].any[0].brand=3411&abroad=0&customs_cleared=1,False,3
55403,HiPhi,0,https://auto.ria.com/uk/search/?search_type=1&category=1&all[0].any[0].brand=55403&abroad=0&customs_cleared=1,False,3
28,Honda,0,https://auto.ria.com/uk/search/?search_type=1&category=1&all[0].any[0].brand=28&abroad=0&customs_cleared=1,False,3
5572,Hong Xing,0,https://auto.ria.com/uk/search/?search_type=1&category=1&all[0].any[0].brand=5572&abroad=0&customs_cleared=1,False,3
55205,Hongqi,0,https://auto.ria.com/uk/search/?search_type=1&category=1&all[0].any[0].brand=55205&abroad=0&customs_cleared=1,False,3
5624,Horch,0,https://auto.ria.com/uk/search/?search_type=1&category=1&all[0].any[0].brand=5624&abroad=0&customs_cleared=1,False,3
55108,Hozon,0,https://auto.ria.com/uk/search/?search_type=1&category=1&all[0].any[0].brand=55108&abroad=0&customs_cleared=1,False,3
55173,Hozon Neta,0,https://auto.ria.com/uk/search/?search_type=1&category=1&all[0].any[0].brand=55173&abroad=0&customs_cleared=1,False,3
2595,Huabei,0,https://auto.ria.com/uk/search/?search_type=1&category=1&all[0].any[0].brand=2595&abroad=0&customs_cleared=1,False,3
388,Huanghai,0,https://auto.ria.com/uk/search/?search_type=1&category=1&all[0].any[0].brand=388&abroad=0&customs_cleared=1,False,3
55557,Huawei,0,https://auto.ria.com/uk/search/?search_type=1&category=1&all[0].any[0].brand=55557&abroad=0&customs_cleared=1,False,3
55619,Hudson,0,https://auto.ria.com/uk/search/?search_type=1&category=1&all[0].any[0].brand=55619&abroad=0&customs_cleared=1,False,3
55303,Human Horizons,0,https://auto.ria.com/uk/search/?search_type=1&category=1&all[0].any[0].brand=55303&abroad=0&customs_cleared=1,False,3
3002,Humber,0,https://auto.ria.com/uk/search/?search_type=1&category=1&all[0].any[0].brand=3002&abroad=0&customs_cleared=1,False,3
127,Hummer,0,https://auto.ria.com/uk/search/?search_type=1&category=1&all[0].any[0].brand=127&abroad=0&customs_cleared=1,False,3
4663,Humvee,0,https://auto.ria.com/uk/search/?search_type=1&category=1&all[0].any[0].brand=4663&abroad=0&customs_cleared=1,False,3
29,Hyundai,0,https://auto.ria.com/uk/search/?search_type=1&category=1&all[0].any[0].brand=29&abroad=0&customs_cleared=1,False,3
55563,IM,0,https://auto.ria.com/uk/search/?search_type=1&category=1&all[0].any[0].brand=55563&abroad=0&customs_cleared=1,False,3
55587,Ineos,0,https://auto.ria.com/uk/search/?search_type=1&category=1&all[0].any[0].brand=55587&abroad=0&customs_cleared=1,False,3
128,Infiniti,0,https://auto.ria.com/uk/search/?search_type=1&category=1&all[0].any[0].brand=128&abroad=0&customs_cleared=1,False,3
4273,Innocenti,0,https://auto.ria.com/uk/search/?search_type=1&category=1&all[0].any[0].brand=4273&abroad=0&customs_cleared=1,False,3
3821,Iran Khodro,0,https://auto.ria.com/uk/search/?search_type=1&category=1&all[0].any[0].brand=3821&abroad=0&customs_cleared=1,False,3
30,Isuzu,0,https://auto.ria.com/uk/search/?search_type=1&category=1&all[0].any[0].brand=30&abroad=0&customs_cleared=1,False,3
3757,ItalCar,0,https://auto.ria.com/uk/search/?search_type=1&category=1&all[0].any[0].brand=3757&abroad=0&customs_cleared=1,False,3
175,Iveco,0,https://auto.ria.com/uk/search/?search_type=1&category=1&all[0].any[0].brand=175&abroad=0&customs_cleared=1,False,3
317,JAC,0,https://auto.ria.com/uk/search/?search_type=1&category=1&all[0].any[0].brand=317&abroad=0&customs_cleared=1,False,3
55217,JAC-Volkswagen,0,https://auto.ria.com/uk/search/?search_type=1&category=1&all[0].any[0].brand=55217&abroad=0&customs_cleared=1,False,3
31,Jaguar,0,https://auto.ria.com/uk/search/?search_type=1&category=1&all[0].any[0].brand=31&abroad=0&customs_cleared=1,False,3
1590,JCB,0,https://auto.ria.com/uk/search/?search_type=1&category=1&all[0].any[0].brand=1590&abroad=0&customs_cleared=1,False,3
32,Jeep,0,https://auto.ria.com/uk/search/?search_type=1&category=1&all[0].any[0].brand=32&abroad=0&customs_cleared=1,False,3
55069,Jetour,0,https://auto.ria.com/uk/search/?search_type=1&category=1&all[0].any[0].brand=55069&abroad=0&customs_cleared=1,False,3
335,Jiangnan,0,https://auto.ria.com/uk/search/?search_type=1&category=1&all[0].any[0].brand=335&abroad=0&customs_cleared=1,False,3
2231,Jinbei,0,https://auto.ria.com/uk/search/?search_type=1&category=1&all[0].any[0].brand=2231&abroad=0&customs_cleared=1,False,3
4549,Jinbei Minibusus,0,https://auto.ria.com/uk/search/?search_type=1&category=1&all[0].any[0].brand=4549&abroad=0&customs_cleared=1,False,3
1586,Jinma,0,https://auto.ria.com/uk/search/?search_type=1&category=1&all[0].any[0].brand=1586&abroad=0&customs_cleared=1,False,3
3018,JMC,0,https://auto.ria.com/uk/search/?search_type=1&category=1&all[0].any[0].brand=3018&abroad=0&customs_cleared=1,False,3
1574,Jonway,0,https://auto.ria.com/uk/search/?search_type=1&category=1&all[0].any[0].brand=1574&abroad=0&customs_cleared=1,False,3
412,Karosa,0,https://auto.ria.com/uk/search/?search_type=1&category=1&all[0].any[0].brand=412&abroad=0&customs_cleared=1,False,3
55200,Karry,0,https://auto.ria.com/uk/search/?search_type=1&category=1&all[0].any[0].brand=55200&abroad=0&customs_cleared=1,False,3
55282,Keyton,0,https://auto.ria.com/uk/search/?search_type=1&category=1&all[0].any[0].brand=55282&abroad=0&customs_cleared=1,False,3
55489,KG Mobility,0,https://auto.ria.com/uk/search/?search_type=1&category=1&all[0].any[0].brand=55489&abroad=0&customs_cleared=1,False,3
33,Kia,0,https://auto.ria.com/uk/search/?search_type=1&category=1&all[0].any[0].brand=33&abroad=0&customs_cleared=1,False,3
2676,King Long,0,https://auto.ria.com/uk/search/?search_type=1&category=1&all[0].any[0].brand=2676&abroad=0&customs_cleared=1,False,3
4606,KingWoo,0,https://auto.ria.com/uk/search/?search_type=1&category=1&all[0].any[0].brand=4606&abroad=0&customs_cleared=1,False,3
4843,Kirkham,0,https://auto.ria.com/uk/search/?search_type=1&category=1&all[0].any[0].brand=4843&abroad=0&customs_cleared=1,False,3
2643,Koenigsegg,0,https://auto.ria.com/uk/search/?search_type=1&category=1&all[0].any[0].brand=2643&abroad=0&customs_cleared=1,False,3
4000,Konecranes,0,https://auto.ria.com/uk/search/?search_type=1&category=1&all[0].any[0].brand=4000&abroad=0&customs_cleared=1,False,3
35,Lamborghini,0,https://auto.ria.com/uk/search/?search_type=1&category=1&all[0].any[0].brand=35&abroad=0&customs_cleared=1,False,3
36,Lancia,0,https://auto.ria.com/uk/search/?search_type=1&category=1&all[0].any[0].brand=36&abroad=0&customs_cleared=1,False,3
37,Land Rover,0,https://auto.ria.com/uk/search/?search_type=1&category=1&all[0].any[0].brand=37&abroad=0&customs_cleared=1,False,3
406,Landwind,0,https://auto.ria.com/uk/search/?search_type=1&category=1&all[0].any[0].brand=406&abroad=0&customs_cleared=1,False,3
134,LDV,0,https://auto.ria.com/uk/search/?search_type=1&category=1&all[0].any[0].brand=134&abroad=0&customs_cleared=1,False,3
55215,Leap,0,https://auto.ria.com/uk/search/?search_type=1&category=1&all[0].any[0].brand=55215&abroad=0&customs_cleared=1,False,3
55409,Leapmotor,0,https://auto.ria.com/uk/search/?search_type=1&category=1&all[0].any[0].brand=55409&abroad=0&customs_cleared=1,False,3
55213,Leopaard,0,https://auto.ria.com/uk/search/?search_type=1&category=1&all[0].any[0].brand=55213&abroad=0&customs_cleared=1,False,3
2442,Leopard,0,https://auto.ria.com/uk/search/?search_type=1&category=1&all[0].any[0].brand=2442&abroad=0&customs_cleared=1,False,3
55230,Lesheng,0,https://auto.ria.com/uk/search/?search_type=1&category=1&all[0].any[0].brand=55230&abroad=0&customs_cleared=1,False,3
55375,Letin,0,https://auto.ria.com/uk/search/?search_type=1&category=1&all[0].any[0].brand=55375&abroad=0&customs_cleared=1,False,3
38,Lexus,0,https://auto.ria.com/uk/search/?search_type=1&category=1&all[0].any[0].brand=38&abroad=0&customs_cleared=1,False,3
55440,Li Auto,0,https://auto.ria.com/uk/search/?search_type=1&category=1&all[0].any[0].brand=55440&abroad=0&customs_cleared=1,False,3
5339,Lichi,0,https://auto.ria.com/uk/search/?search_type=1&category=1&all[0].any[0].brand=5339&abroad=0&customs_cleared=1,False,3
334,Lifan,0,https://auto.ria.com/uk/search/?search_type=1&category=1&all[0].any[0].brand=334&abroad=0&customs_cleared=1,False,3
135,Lincoln,0,https://auto.ria.com/uk/search/?search_type=1&category=1&all[0].any[0].brand=135&abroad=0&customs_cleared=1,False,3
55341,Lingpao,0,https://auto.ria.com/uk/search/?search_type=1&category=1&all[0].any[0].brand=55341&abroad=0&customs_cleared=1,False,3
55197,Link Tour,0,https://auto.ria.com/uk/search/?search_type=1&category=1&all[0].any[0].brand=55197&abroad=0&customs_cleared=1,False,3
55579,Lixiang,0,https://auto.ria.com/uk/search/?search_type=1&category=1&all[0].any[0].brand=55579&abroad=0&customs_cleared=1,False,3
41,Lotus,0,https://auto.ria.com/uk/search/?search_type=1&category=1&all[0].any[0].brand=41&abroad=0&customs_cleared=1,False,3
136,LTI,0,https://auto.ria.com/uk/search/?search_type=1&category=1&all[0].any[0].brand=136&abroad=0&customs_cleared=1,False,3
6317,Lucid,0,https://auto.ria.com/uk/search/?search_type=1&category=1&all[0].any[0].brand=6317&abroad=0&customs_cleared=1,False,3
55664,Luxeed,0,https://auto.ria.com/uk/search/?search_type=1&category=1&all[0].any[0].brand=55664&abroad=0&customs_cleared=1,False,3
4269,Luxgen,0,https://auto.ria.com/uk/search/?search_type=1&category=1&all[0].any[0].brand=4269&abroad=0&customs_cleared=1,False,3
55594,Lynk&Co,0,https://auto.ria.com/uk/search/?search_type=1&category=1&all[0].any[0].brand=55594&abroad=0&customs_cleared=1,False,3
3578,Mahindra,0,https://auto.ria.com/uk/search/?search_type=1&category=1&all[0].any[0].brand=3578&abroad=0&customs_cleared=1,False,3
4064,Marshell,0,https://auto.ria.com/uk/search/?search_type=1&category=1&all[0].any[0].brand=4064&abroad=0&customs_cleared=1,False,3
139,Maruti,0,https://auto.ria.com/uk/search/?search_type=1&category=1&all[0].any[0].brand=139&abroad=0&customs_cleared=1,False,3
45,Maserati,0,https://auto.ria.com/uk/search/?search_type=1&category=1&all[0].any[0].brand=45&abroad=0&customs_cleared=1,False,3
55270,Maxus,0,https://auto.ria.com/uk/search/?search_type=1&category=1&all[0].any[0].brand=55270&abroad=0&customs_cleared=1,False,3
46,Maybach,0,https://auto.ria.com/uk/search/?search_type=1&category=1&all[0].any[0].brand=46&abroad=0&customs_cleared=1,False,3
47,Mazda,0,https://auto.ria.com/uk/search/?search_type=1&category=1&all[0].any[0].brand=47&abroad=0&customs_cleared=1,False,3
3101,McLaren,0,https://auto.ria.com/uk/search/?search_type=1&category=1&all[0].any[0].brand=3101&abroad=0&customs_cleared=1,False,3
1904,MEGA,0,https://auto.ria.com/uk/search/?search_type=1&category=1&all[0].any[0].brand=1904&abroad=0&customs_cleared=1,False,3
48,Mercedes-Benz,0,https://auto.ria.com/uk/search/?search_type=1&category=1&all[0].any[0].brand=48&abroad=0&customs_cleared=1,False,3
144,Mercury,0,https://auto.ria.com/uk/search/?search_type=1&category=1&all[0].any[0].brand=144&abroad=0&customs_cleared=1,False,3
3948,Merkur,0,https://auto.ria.com/uk/search/?search_type=1&category=1&all[0].any[0].brand=3948&abroad=0&customs_cleared=1,False,3
49,MG,0,https://auto.ria.com/uk/search/?search_type=1&category=1&all[0].any[0].brand=49&abroad=0&customs_cleared=1,False,3
6055,Microcar,0,https://auto.ria.com/uk/search/?search_type=1&category=1&all[0].any[0].brand=6055&abroad=0&customs_cleared=1,False,3
4528,Miles,0,https://auto.ria.com/uk/search/?search_type=1&category=1&all[0].any[0].brand=4528&abroad=0&customs_cleared=1,False,3
147,MINI,0,https://auto.ria.com/uk/search/?search_type=1&category=1&all[0].any[0].brand=147&abroad=0&customs_cleared=1,False,3
52,Mitsubishi,0,https://auto.ria.com/uk/search/?search_type=1&category=1&all[0].any[0].brand=52&abroad=0&customs_cleared=1,False,3
402,Mitsuoka,0,https://auto.ria.com/uk/search/?search_type=1&category=1&all[0].any[0].brand=402&abroad=0&customs_cleared=1,False,3
4069,Mobility Ventures,0,https://auto.ria.com/uk/search/?search_type=1&category=1&all[0].any[0].brand=4069&abroad=0&customs_cleared=1,False,3
55599,Modern Auto,0,https://auto.ria.com/uk/search/?search_type=1&category=1&all[0].any[0].brand=55599&abroad=0&customs_cleared=1,False,3
53,Morgan,0,https://auto.ria.com/uk/search/?search_type=1&category=1&all[0].any[0].brand=53&abroad=0&customs_cleared=1,False,3
54,Morris,0,https://auto.ria.com/uk/search/?search_type=1&category=1&all[0].any[0].brand=54&abroad=0&customs_cleared=1,False,3
5039,MPM Motors,0,https://auto.ria.com/uk/search/?search_type=1&category=1&all[0].any[0].brand=5039&abroad=0&customs_cleared=1,False,3
5138,MYBRO,0,https://auto.ria.com/uk/search/?search_type=1&category=1&all[0].any[0].brand=5138&abroad=0&customs_cleared=1,False,3
55114,NEO,0,https://auto.ria.com/uk/search/?search_type=1&category=1&all[0].any[0].brand=55114&abroad=0&customs_cleared=1,False,3
55214,Neta,0,https://auto.ria.com/uk/search/?search_type=1&category=1&all[0].any[0].brand=55214&abroad=0&customs_cleared=1,False,3
55080,NIO,0,https://auto.ria.com/uk/search/?search_type=1&category=1&all[0].any[0].brand=55080&abroad=0&customs_cleared=1,False,3
55,Nissan,0,https://auto.ria.com/uk/search/?search_type=1&category=1&all[0].any[0].brand=55&abroad=0&customs_cleared=1,False,3
2489,Norster,0,https://auto.ria.com/uk/search/?search_type=1&category=1&all[0].any[0].brand=2489&abroad=0&customs_cleared=1,False,3
2045,Nysa (Ныса),0,https://auto.ria.com/uk/search/?search_type=1&category=1&all[0].any[0].brand=2045&abroad=0&customs_cleared=1,False,3
148,Oldsmobile,0,https://auto.ria.com/uk/search/?search_type=1&category=1&all[0].any[0].brand=148&abroad=0&customs_cleared=1,False,3
2963,Oltcit,0,https://auto.ria.com/uk/search/?search_type=1&category=1&all[0].any[0].brand=2963&abroad=0&customs_cleared=1,False,3
56,Opel,0,https://auto.ria.com/uk/search/?search_type=1&category=1&all[0].any[0].brand=56&abroad=0&customs_cleared=1,False,3
2974,ORA,0,https://auto.ria.com/uk/search/?search_type=1&category=1&all[0].any[0].brand=2974&abroad=0&customs_cleared=1,False,3
55313,Otosan,0,https://auto.ria.com/uk/search/?search_type=1&category=1&all[0].any[0].brand=55313&abroad=0&customs_cleared=1,False,3
3193,Packard,0,https://auto.ria.com/uk/search/?search_type=1&category=1&all[0].any[0].brand=3193&abroad=0&customs_cleared=1,False,3
2644,Pagani,0,https://auto.ria.com/uk/search/?search_type=1&category=1&all[0].any[0].brand=2644&abroad=0&customs_cleared=1,False,3
1852,Peerless,0,https://auto.ria.com/uk/search/?search_type=1&category=1&all[0].any[0].brand=1852&abroad=0&customs_cleared=1,False,3
3446,Peg-Perego,0,https://auto.ria.com/uk/search/?search_type=1&category=1&all[0].any[0].brand=3446&abroad=0&customs_cleared=1,False,3
346,Peterbilt,0,https://auto.ria.com/uk/search/?search_type=1&category=1&all[0].any[0].brand=346&abroad=0&customs_cleared=1,False,3
58,Peugeot,0,https://auto.ria.com/uk/search/?search_type=1&category=1&all[0].any[0].brand=58&abroad=0&customs_cleared=1,False,3
3590,Pininfarina,0,https://auto.ria.com/uk/search/?search_type=1&category=1&all[0].any[0].brand=3590&abroad=0&customs_cleared=1,False,3
3215,Pinzgauer,0,https://auto.ria.com/uk/search/?search_type=1&category=1&all[0].any[0].brand=3215&abroad=0&customs_cleared=1,False,3
181,Plymouth,0,https://auto.ria.com/uk/search/?search_type=1&category=1&all[0].any[0].brand=181&abroad=0&customs_cleared=1,False,3
6131,Polestar,0,https://auto.ria.com/uk/search/?search_type=1&category=1&all[0].any[0].brand=6131&abroad=0&customs_cleared=1,False,3
55589,Polestone,0,https://auto.ria.com/uk/search/?search_type=1&category=1&all[0].any[0].brand=55589&abroad=0&customs_cleared=1,False,3
149,Pontiac,0,https://auto.ria.com/uk/search/?search_type=1&category=1&all[0].any[0].brand=149&abroad=0&customs_cleared=1,False,3
59,Porsche,0,https://auto.ria.com/uk/search/?search_type=1&category=1&all[0].any[0].brand=59&abroad=0&customs_cleared=1,False,3
2728,Praga Baby,0,https://auto.ria.com/uk/search/?search_type=1&category=1&all[0].any[0].brand=2728&abroad=0&customs_cleared=1,False,3
60,Proton,0,https://auto.ria.com/uk/search/?search_type=1&category=1&all[0].any[0].brand=60&abroad=0&customs_cleared=1,False,3
55412,Puli,0,https://auto.ria.com/uk/search/?search_type=1&category=1&all[0].any[0].brand=55412&abroad=0&customs_cleared=1,False,3
5340,Qifeng,0,https://auto.ria.com/uk/search/?search_type=1&category=1&all[0].any[0].brand=5340&abroad=0&customs_cleared=1,False,3
1332,Quicksilver,0,https://auto.ria.com/uk/search/?search_type=1&category=1&all[0].any[0].brand=1332&abroad=0&customs_cleared=1,False,3
4369,Ram,0,https://auto.ria.com/uk/search/?search_type=1&category=1&all[0].any[0].brand=4369&abroad=0&customs_cleared=1,False,3
4681,Ravon,0,https://auto.ria.com/uk/search/?search_type=1&category=1&all[0].any[0].brand=4681&abroad=0&customs_cleared=1,False,3
55374,Raysince,0,https://auto.ria.com/uk/search/?search_type=1&category=1&all[0].any[0].brand=55374&abroad=0&customs_cleared=1,False,3
62,Renault,0,https://auto.ria.com/uk/search/?search_type=1&category=1&all[0].any[0].brand=62&abroad=0&customs_cleared=1,False,3
4466,Rezvani,0,https://auto.ria.com/uk/search/?search_type=1&category=1&all[0].any[0].brand=4466&abroad=0&customs_cleared=1,False,3
55281,Rich,0,https://auto.ria.com/uk/search/?search_type=1&category=1&all[0].any[0].brand=55281&abroad=0&customs_cleared=1,False,3
3330,Rimac,0,https://auto.ria.com/uk/search/?search_type=1&category=1&all[0].any[0].brand=3330&abroad=0&customs_cleared=1,False,3
6227,Rivian,0,https://auto.ria.com/uk/search/?search_type=1&category=1&all[0].any[0].brand=6227&abroad=0&customs_cleared=1,False,3
5761,Robeta,0,https://auto.ria.com/uk/search/?search_type=1&category=1&all[0].any[0].brand=5761&abroad=0&customs_cleared=1,False,3
55063,Roewe,0,https://auto.ria.com/uk/search/?search_type=1&category=1&all[0].any[0].brand=55063&abroad=0&customs_cleared=1,False,3
63,Rolls-Royce,0,https://auto.ria.com/uk/search/?search_type=1&category=1&all[0].any[0].brand=63&abroad=0&customs_cleared=1,False,3
64,Rover,0,https://auto.ria.com/uk/search/?search_type=1&category=1&all[0].any[0].brand=64&abroad=0&customs_cleared=1,False,3
55637,RSWG,0,https://auto.ria.com/uk/search/?search_type=1&category=1&all[0].any[0].brand=55637&abroad=0&customs_cleared=1,False,3
55377,Runhorse,0,https://auto.ria.com/uk/search/?search_type=1&category=1&all[0].any[0].brand=55377&abroad=0&customs_cleared=1,False,3
65,Saab,0,https://auto.ria.com/uk/search/?search_type=1&category=1&all[0].any[0].brand=65&abroad=0&customs_cleared=1,False,3
3437,Saipa,0,https://auto.ria.com/uk/search/?search_type=1&category=1&all[0].any[0].brand=3437&abroad=0&customs_cleared=1,False,3
196,Saleen,0,https://auto.ria.com/uk/search/?search_type=1&category=1&all[0].any[0].brand=196&abroad=0&customs_cleared=1,False,3
192,Samand,0,https://auto.ria.com/uk/search/?search_type=1&category=1&all[0].any[0].brand=192&abroad=0&customs_cleared=1,False,3
325,Samsung,0,https://auto.ria.com/uk/search/?search_type=1&category=1&all[0].any[0].brand=325&abroad=0&customs_cleared=1,False,3
55669,Santana,0,https://auto.ria.com/uk/search/?search_type=1&category=1&all[0].any[0].brand=55669&abroad=0&customs_cleared=1,False,3
331,Saturn,0,https://auto.ria.com/uk/search/?search_type=1&category=1&all[0].any[0].brand=331&abroad=0&customs_cleared=1,False,3
2734,Sceo,0,https://auto.ria.com/uk/search/?search_type=1&category=1&all[0].any[0].brand=2734&abroad=0&customs_cleared=1,False,3
3268,Scion,0,https://auto.ria.com/uk/search/?search_type=1&category=1&all[0].any[0].brand=3268&abroad=0&customs_cleared=1,False,3
67,SEAT,0,https://auto.ria.com/uk/search/?search_type=1&category=1&all[0].any[0].brand=67&abroad=0&customs_cleared=1,False,3
2492,Secma,0,https://auto.ria.com/uk/search/?search_type=1&category=1&all[0].any[0].brand=2492&abroad=0&customs_cleared=1,False,3
1726,Selena,0,https://auto.ria.com/uk/search/?search_type=1&category=1&all[0].any[0].brand=1726&abroad=0&customs_cleared=1,False,3
55597,Seres,0,https://auto.ria.com/uk/search/?search_type=1&category=1&all[0].any[0].brand=55597&abroad=0&customs_cleared=1,False,3
3100,Shelby,0,https://auto.ria.com/uk/search/?search_type=1&category=1&all[0].any[0].brand=3100&abroad=0&customs_cleared=1,False,3
1572,Shineray,0,https://auto.ria.com/uk/search/?search_type=1&category=1&all[0].any[0].brand=1572&abroad=0&customs_cleared=1,False,3
195,Shuanghuan,0,https://auto.ria.com/uk/search/?search_type=1&category=1&all[0].any[0].brand=195&abroad=0&customs_cleared=1,False,3
4003,Sidetracker,0,https://auto.ria.com/uk/search/?search_type=1&category=1&all[0].any[0].brand=4003&abroad=0&customs_cleared=1,False,3
55218,Sihao (Sol),0,https://auto.ria.com/uk/search/?search_type=1&category=1&all[0].any[0].brand=55218&abroad=0&customs_cleared=1,False,3
70,Skoda,0,https://auto.ria.com/uk/search/?search_type=1&category=1&all[0].any[0].brand=70&abroad=0&customs_cleared=1,False,3
55199,Skywell,0,https://auto.ria.com/uk/search/?search_type=1&category=1&all[0].any[0].brand=55199&abroad=0&customs_cleared=1,False,3
311,SMA,0,https://auto.ria.com/uk/search/?search_type=1&category=1&all[0].any[0].brand=311&abroad=0&customs_cleared=1,False,3
71,Smart,0,https://auto.ria.com/uk/search/?search_type=1&category=1&all[0].any[0].brand=71&abroad=0&customs_cleared=1,False,3
194,SouEast,0,https://auto.ria.com/uk/search/?search_type=1&category=1&all[0].any[0].brand=194&abroad=0&customs_cleared=1,False,3
55115,South-East,0,https://auto.ria.com/uk/search/?search_type=1&category=1&all[0].any[0].brand=55115&abroad=0&customs_cleared=1,False,3
3212,Soyat,0,https://auto.ria.com/uk/search/?search_type=1&category=1&all[0].any[0].brand=3212&abroad=0&customs_cleared=1,False,3
411,Spyker,0,https://auto.ria.com/uk/search/?search_type=1&category=1&all[0].any[0].brand=411&abroad=0&customs_cleared=1,False,3
55553,SRM,0,https://auto.ria.com/uk/search/?search_type=1&category=1&all[0].any[0].brand=55553&abroad=0&customs_cleared=1,False,3
73,SsangYong,0,https://auto.ria.com/uk/search/?search_type=1&category=1&all[0].any[0].brand=73&abroad=0&customs_cleared=1,False,3
214,Star,0,https://auto.ria.com/uk/search/?search_type=1&category=1&all[0].any[0].brand=214&abroad=0&customs_cleared=1,False,3
55658,Stelato,0,https://auto.ria.com/uk/search/?search_type=1&category=1&all[0].any[0].brand=55658&abroad=0&customs_cleared=1,False,3
3228,Studebaker,0,https://auto.ria.com/uk/search/?search_type=1&category=1&all[0].any[0].brand=3228&abroad=0&customs_cleared=1,False,3
75,Subaru,0,https://auto.ria.com/uk/search/?search_type=1&category=1&all[0].any[0].brand=75&abroad=0&customs_cleared=1,False,3
2879,Suda,0,https://auto.ria.com/uk/search/?search_type=1&category=1&all[0].any[0].brand=2879&abroad=0&customs_cleared=1,False,3
55068,Suda Hanen,0,https://auto.ria.com/uk/search/?search_type=1&category=1&all[0].any[0].brand=55068&abroad=0&customs_cleared=1,False,3
385,Sunbeam,0,https://auto.ria.com/uk/search/?search_type=1&category=1&all[0].any[0].brand=385&abroad=0&customs_cleared=1,False,3
76,Suzuki,0,https://auto.ria.com/uk/search/?search_type=1&category=1&all[0].any[0].brand=76&abroad=0&customs_cleared=1,False,3
5341,T-King,0,https://auto.ria.com/uk/search/?search_type=1&category=1&all[0].any[0].brand=5341&abroad=0&customs_cleared=1,False,3
77,Talbot,0,https://auto.ria.com/uk/search/?search_type=1&category=1&all[0].any[0].brand=77&abroad=0&customs_cleared=1,False,3
2497,Tarpan Honker,0,https://auto.ria.com/uk/search/?search_type=1&category=1&all[0].any[0].brand=2497&abroad=0&customs_cleared=1,False,3
78,TATA,0,https://auto.ria.com/uk/search/?search_type=1&category=1&all[0].any[0].brand=78&abroad=0&customs_cleared=1,False,3
204,Tatra,0,https://auto.ria.com/uk/search/?search_type=1&category=1&all[0].any[0].brand=204&abroad=0&customs_cleared=1,False,3
3922,Tazzari,0,https://auto.ria.com/uk/search/?search_type=1&category=1&all[0].any[0].brand=3922&abroad=0&customs_cleared=1,False,3
2233,Tesla,0,https://auto.ria.com/uk/search/?search_type=1&category=1&all[0].any[0].brand=2233&abroad=0&customs_cleared=1,False,3
6092,Think,0,https://auto.ria.com/uk/search/?search_type=1&category=1&all[0].any[0].brand=6092&abroad=0&customs_cleared=1,False,3
4237,Think Global,0,https://auto.ria.com/uk/search/?search_type=1&category=1&all[0].any[0].brand=4237&abroad=0&customs_cleared=1,False,3
4033,Thunder Tiger,0,https://auto.ria.com/uk/search/?search_type=1&category=1&all[0].any[0].brand=4033&abroad=0&customs_cleared=1,False,3
1578,Tianma,0,https://auto.ria.com/uk/search/?search_type=1&category=1&all[0].any[0].brand=1578&abroad=0&customs_cleared=1,False,3
55081,Tiffany,0,https://auto.ria.com/uk/search/?search_type=1&category=1&all[0].any[0].brand=55081&abroad=0&customs_cleared=1,False,3
2050,Tiger,0,https://auto.ria.com/uk/search/?search_type=1&category=1&all[0].any[0].brand=2050&abroad=0&customs_cleared=1,False,3
2552,Tofas,0,https://auto.ria.com/uk/search/?search_type=1&category=1&all[0].any[0].brand=2552&abroad=0&customs_cleared=1,False,3
79,Toyota,0,https://auto.ria.com/uk/search/?search_type=1&category=1&all[0].any[0].brand=79&abroad=0&customs_cleared=1,False,3
345,Trabant,0,https://auto.ria.com/uk/search/?search_type=1&category=1&all[0].any[0].brand=345&abroad=0&customs_cleared=1,False,3
80,Triumph,0,https://auto.ria.com/uk/search/?search_type=1&category=1&all[0].any[0].brand=80&abroad=0&customs_cleared=1,False,3
81,TVR,0,https://auto.ria.com/uk/search/?search_type=1&category=1&all[0].any[0].brand=81&abroad=0&customs_cleared=1,False,3
3017,Ultima,0,https://auto.ria.com/uk/search/?search_type=1&category=1&all[0].any[0].brand=3017&abroad=0&customs_cleared=1,False,3
206,Van Hool,0,https://auto.ria.com/uk/search/?search_type=1&category=1&all[0].any[0].brand=206&abroad=0&customs_cleared=1,False,3
5873,Vantage,0,https://auto.ria.com/uk/search/?search_type=1&category=1&all[0].any[0].brand=5873&abroad=0&customs_cleared=1,False,3
82,Vauxhall,0,https://auto.ria.com/uk/search/?search_type=1&category=1&all[0].any[0].brand=82&abroad=0&customs_cleared=1,False,3
83,Venturi,0,https://auto.ria.com/uk/search/?search_type=1&category=1&all[0].any[0].brand=83&abroad=0&customs_cleared=1,False,3
184,Venucia,0,https://auto.ria.com/uk/search/?search_type=1&category=1&all[0].any[0].brand=184&abroad=0&customs_cleared=1,False,3
3320,Vepr,0,https://auto.ria.com/uk/search/?search_type=1&category=1&all[0].any[0].brand=3320&abroad=0&customs_cleared=1,False,3
55657,VinFast,0,https://auto.ria.com/uk/search/?search_type=1&category=1&all[0].any[0].brand=55657&abroad=0&customs_cleared=1,False,3
84,Volkswagen,0,https://auto.ria.com/uk/search/?search_type=1&category=1&all[0].any[0].brand=84&abroad=0&customs_cleared=1,False,3
85,Volvo,0,https://auto.ria.com/uk/search/?search_type=1&category=1&all[0].any[0].brand=85&abroad=0&customs_cleared=1,False,3
55279,Voyah,0,https://auto.ria.com/uk/search/?search_type=1&category=1&all[0].any[0].brand=55279&abroad=0&customs_cleared=1,False,3
2021,Wanderer,0,https://auto.ria.com/uk/search/?search_type=1&category=1&all[0].any[0].brand=2021&abroad=0&customs_cleared=1,False,3
2403,Wanfeng,0,https://auto.ria.com/uk/search/?search_type=1&category=1&all[0].any[0].brand=2403&abroad=0&customs_cleared=1,False,3
339,Wartburg,0,https://auto.ria.com/uk/search/?search_type=1&category=1&all[0].any[0].brand=339&abroad=0&customs_cleared=1,False,3
55539,Weiao,0,https://auto.ria.com/uk/search/?search_type=1&category=1&all[0].any[0].brand=55539&abroad=0&customs_cleared=1,False,3
55113,Weilan,0,https://auto.ria.com/uk/search/?search_type=1&category=1&all[0].any[0].brand=55113&abroad=0&customs_cleared=1,False,3
55088,Weltmeister,0,https://auto.ria.com/uk/search/?search_type=1&category=1&all[0].any[0].brand=55088&abroad=0&customs_cleared=1,False,3
1992,Wiesmann,0,https://auto.ria.com/uk/search/?search_type=1&category=1&all[0].any[0].brand=1992&abroad=0&customs_cleared=1,False,3
1820,Willys,0,https://auto.ria.com/uk/search/?search_type=1&category=1&all[0].any[0].brand=1820&abroad=0&customs_cleared=1,False,3
2653,Wuling,0,https://auto.ria.com/uk/search/?search_type=1&category=1&all[0].any[0].brand=2653&abroad=0&customs_cleared=1,False,3
55337,XEV,0,https://auto.ria.com/uk/search/?search_type=1&category=1&all[0].any[0].brand=55337&abroad=0&customs_cleared=1,False,3
3452,Xiaolong,0,https://auto.ria.com/uk/search/?search_type=1&category=1&all[0].any[0].brand=3452&abroad=0&customs_cleared=1,False,3
5107,Xiaomi,0,https://auto.ria.com/uk/search/?search_type=1&category=1&all[0].any[0].brand=5107&abroad=0&customs_cleared=1,False,3
55073,Xindayang,0,https://auto.ria.com/uk/search/?search_type=1&category=1&all[0].any[0].brand=55073&abroad=0&customs_cleared=1,False,3
338,Xinkai,0,https://auto.ria.com/uk/search/?search_type=1&category=1&all[0].any[0].brand=338&abroad=0&customs_cleared=1,False,3
107,Xpeng,0,https://auto.ria.com/uk/search/?search_type=1&category=1&all[0].any[0].brand=107&abroad=0&customs_cleared=1,False,3
55201,Yema,0,https://auto.ria.com/uk/search/?search_type=1&category=1&all[0].any[0].brand=55201&abroad=0&customs_cleared=1,False,3
5285,Yogomo,0,https://auto.ria.com/uk/search/?search_type=1&category=1&all[0].any[0].brand=5285&abroad=0&customs_cleared=1,False,3
55546,Yudo,0,https://auto.ria.com/uk/search/?search_type=1&category=1&all[0].any[0].brand=55546&abroad=0&customs_cleared=1,False,3
87,Yugo,0,https://auto.ria.com/uk/search/?search_type=1&category=1&all[0].any[0].brand=87&abroad=0&customs_cleared=1,False,3
2309,Zastava,0,https://auto.ria.com/uk/search/?search_type=1&category=1&all[0].any[0].brand=2309&abroad=0&customs_cleared=1,False,3
55280,Zeekr,0,https://auto.ria.com/uk/search/?search_type=1&category=1&all[0].any[0].brand=55280&abroad=0&customs_cleared=1,False,3
182,Zhidou,0,https://auto.ria.com/uk/search/?search_type=1&category=1&all[0].any[0].brand=182&abroad=0&customs_cleared=1,False,3
2958,Zimmer,0,https://auto.ria.com/uk/search/?search_type=1&category=1&all[0].any[0].brand=2958&abroad=0&customs_cleared=1,False,3
3610,Zotye,0,https://auto.ria.com/uk/search/?search_type=1&category=1&all[0].any[0].brand=3610&abroad=0&customs_cleared=1,False,3
3089,Zuk,0,https://auto.ria.com/uk/search/?search_type=1&category=1&all[0].any[0].brand=3089&abroad=0&customs_cleared=1,False,3
322,ZX,0,https://auto.ria.com/uk/search/?search_type=1&category=1&all[0].any[0].brand=322&abroad=0&customs_cleared=1,False,3
188,Богдан,0,https://auto.ria.com/uk/search/?search_type=1&category=1&all[0].any[0].brand=188&abroad=0&customs_cleared=1,False,3
3000,Бронто,0,https://auto.ria.com/uk/search/?search_type=1&category=1&all[0].any[0].brand=3000&abroad=0&customs_cleared=1,False,3
88,ВАЗ / Lada,0,https://auto.ria.com/uk/search/?search_type=1&category=1&all[0].any[0].brand=88&abroad=0&customs_cleared=1,False,3
91,ГАЗ,0,https://auto.ria.com/uk/search/?search_type=1&category=1&all[0].any[0].brand=91&abroad=0&customs_cleared=1,False,3
410,ГолАЗ,0,https://auto.ria.com/uk/search/?search_type=1&category=1&all[0].any[0].brand=410&abroad=0&customs_cleared=1,False,3
170,ЕРАЗ,0,https://auto.ria.com/uk/search/?search_type=1&category=1&all[0].any[0].brand=170&abroad=0&customs_cleared=1,False,3
169,Жук,0,https://auto.ria.com/uk/search/?search_type=1&category=1&all[0].any[0].brand=169&abroad=0&customs_cleared=1,False,3
89,ЗАЗ,0,https://auto.ria.com/uk/search/?search_type=1&category=1&all[0].any[0].brand=89&abroad=0&customs_cleared=1,False,3
168,ЗИЛ,0,https://auto.ria.com/uk/search/?search_type=1&category=1&all[0].any[0].brand=168&abroad=0&customs_cleared=1,False,3
1544,ЗИМ,0,https://auto.ria.com/uk/search/?search_type=1&category=1&all[0].any[0].brand=1544&abroad=0&customs_cleared=1,False,3
186,ЗИС,0,https://auto.ria.com/uk/search/?search_type=1&category=1&all[0].any[0].brand=186&abroad=0&customs_cleared=1,False,3
92,ИЖ,0,https://auto.ria.com/uk/search/?search_type=1&category=1&all[0].any[0].brand=92&abroad=0&customs_cleared=1,False,3
189,ЛуАЗ,0,https://auto.ria.com/uk/search/?search_type=1&category=1&all[0].any[0].brand=189&abroad=0&customs_cleared=1,False,3
94,Москвич/АЗЛК,0,https://auto.ria.com/uk/search/?search_type=1&category=1&all[0].any[0].brand=94&abroad=0&customs_cleared=1,False,3
327,РАФ,0,https://auto.ria.com/uk/search/?search_type=1&category=1&all[0].any[0].brand=327&abroad=0&customs_cleared=1,False,3
199,Ретро автомобили,0,https://auto.ria.com/uk/search/?search_type=1&category=1&all[0].any[0].brand=199&abroad=0&customs_cleared=1,False,3
2863,Самодельный,0,https://auto.ria.com/uk/search/?search_type=1&category=1&all[0].any[0].brand=2863&abroad=0&customs_cleared=1,False,3
96,СеАЗ,0,https://auto.ria.com/uk/search/?search_type=1&category=1&all[0].any[0].brand=96&abroad=0&customs_cleared=1,False,3
2491,СМЗ,0,https://auto.ria.com/uk/search/?search_type=1&category=1&all[0].any[0].brand=2491&abroad=0&customs_cleared=1,False,3
1351,СПЭВ / SPEV,0,https://auto.ria.com/uk/search/?search_type=1&category=1&all[0].any[0].brand=1351&abroad=0&customs_cleared=1,False,3
4537,ТагАЗ,0,https://auto.ria.com/uk/search/?search_type=1&category=1&all[0].any[0].brand=4537&abroad=0&customs_cleared=1,False,3
2638,ТогАЗ,0,https://auto.ria.com/uk/search/?search_type=1&category=1&all[0].any[0].brand=2638&abroad=0&customs_cleared=1,False,3
4038,Тренер,0,https://auto.ria.com/uk/search/?search_type=1&category=1&all[0].any[0].brand=4038&abroad=0&customs_cleared=1,False,3
93,УАЗ,0,https://auto.ria.com/uk/search/?search_type=1&category=1&all[0].any[0].brand=93&abroad=0&customs_cleared=1,False,3
4021,Циклон,0,https://auto.ria.com/uk/search/?search_type=1&category=1&all[0].any[0].brand=4021&abroad=0&customs_cleared=1,False,3
2307,Эстония,0,https://auto.ria.com/uk/search/?search_type=1&category=1&all[0].any[0].brand=2307&abroad=0&customs_cleared=1,False,3
