Abarth;15
Acura;677
Adler;1
Aero;1
AION;10
Aito;0
Aiways;3
Aixam;2
Alfa Romeo;349
Alpine;2
Altamarea;0
AMC;3
Anaig;1
Armstrong Siddeley;0
Aro;2
Artega;0
Asia;10
AsiaStar;0
Aston Martin;20
ATS Corsa;0
Audi;18449
Austin;0
Austin-Healey;0
Autobianchi;0
Avatr;22
BAIC;4
Baojun;1
Baoya;0
Barkas (Баркас);6
Baw;0
Beijing;1
Bentley;72
Bentley Mulliner;0
Bertone;0
Bio Auto;0
Blonell;0
BlueCar;1
BMW;17847
BMW-Alpina;18
Bollinger;0
Borgward;0
Brilliance;9
Bristol;2
Bugatti;0
Buick;229
BYD;1144
Byton;0
Cadillac;308
Caterham;0
CATL;0
Cenntro;3
CEVO-C;0
Chana;23
Changan;51
Changfeng;2
Changhe;13
Chanje;1
Chery;2408
Chevrolet;7057
Chrysler;694
Citroen;4399
Cupra;51
Dacia;1613
Dadi;36
Daechang;0
Daewoo;6320
DAF;1524
DAF / VDL;0
Dagger;0
Daihatsu;109
Daimler;1
Datsun;0
De Lorean;0
Deepal;1
Denza;45
Derways;1
Detroit Electric;0
DFSK;2
Diandongwu;0
DKW;3
Dodge;1611
Dongfeng;46
Dr. Motor;0
DS;75
e.Go;0
Eagle;4
Elwinn;10
Emgrand EV 350;0
Enovate;2
Ernst Auwarter;0
Estrima;0
EVO;0
Excalibur;0
FAW;45
FAW Bestune;0
FCB;20
Ferrari;4
Fiat;2988
Fiat-Abarth;0
Fisker;25
Ford;16519
Fornasari;0
Forthing;0
Foton;52
FSO;5
FUQI;3
Gac;2
GAC-Honda;0
Geely;1567
Genesis;25
Geo;1
GMC;142
Golf Car;2
Gonow;5
Great Wall;259
Groz;5
GWM;7
Hafei;8
Haima;0
Hanomag;3
Hansa;0
Hanteng;1
Haval;141
Hawtai;0
Hindustan;0
HiPhi;0
Honda;6894
Hong Xing;1
Hongqi;2
Horch;0
Hozon;0
Hozon Neta;0
Huabei;5
Huanghai;2
Huawei;10
Hudson;0
Human Horizons;0
Humber;0
Hummer;49
Humvee;0
Hyundai;10836
IM;1
Ineos;1
Infiniti;1718
Innocenti;0
Iran Khodro;4
Isuzu;82
ItalCar;0
Iveco;645
JAC;189
JAC-Volkswagen;0
Jaguar;959
JCB;462
Jeep;3886
Jetour;120
Jiangnan;0
Jinbei;0
Jinbei Minibusus;0
Jinma;0
JMC;0
Jonway;0
Karosa;1
Karry;0
Keyton;0
KG Mobility;0
Kia;8239
King Long;2
KingWoo;0
Kirkham;0
Koenigsegg;0
Konecranes;0
Lamborghini;15
Lancia;83
Land Rover;2668
Landwind;9
LDV;16
Leap;0
Leapmotor;4
Leopaard;0
Leopard;37
Lesheng;0
Letin;1
Lexus;3193
Li Auto;13
Lichi;0
Lifan;728
Lincoln;600
Lingpao;0
Link Tour;0
Lixiang;0
Lotus;1
LTI;0
Lucid;24
Luxeed;0
Luxgen;0
Lynk&Co;1
Mahindra;1
Marshell;1
Maruti;0
Maserati;146
Maxus;28
Maybach;1
Mazda;8083
McLaren;8
MEGA;88
Mercedes-Benz;17712
Mercury;37
Merkur;0
MG;259
Microcar;0
Miles;0
MINI;906
Mitsubishi;6504
Mitsuoka;0
Mobility Ventures;0
Modern Auto;0
Morgan;0
Morris;0
MPM Motors;2
MYBRO;1
NEO;0
Neta;2
NIO;0
Nissan;13299
Norster;0
Nysa (Ныса);0
Oldsmobile;6
Oltcit;0
Opel;13081
ORA;3
Otosan;0
Packard;0
Pagani;0
Peerless;0
Peg-Perego;0
Peterbilt;1
Peugeot;7114
Pininfarina;0
Pinzgauer;0
Plymouth;12
Polestar;120
Polestone;1
Pontiac;10
Porsche;1662
Praga Baby;0
Proton;5
Puli;0
Qifeng;0
Quicksilver;4
Ram;76
Ravon;88
Raysince;1
Renault;16653
Rezvani;0
Rich;0
Rimac;0
Rivian;60
Robeta;0
Roewe;2
Rolls-Royce;30
Rover;112
RSWG;0
Runhorse;0
Saab;109
Saipa;9
Saleen;0
Samand;81
Samsung;76
Santana;0
Saturn;6
Sceo;0
Scion;48
SEAT;1417
Secma;0
Selena;2
Seres;0
Shelby;0
Shineray;360
Shuanghuan;2
Sidetracker;0
Sihao (Sol);0
Skoda;13215
Skywell;7
SMA;12
Smart;579
SouEast;12
South-East;0
Soyat;0
Spyker;0
SRM;0
SsangYong;765
Star;0
Stelato;1
Studebaker;0
Subaru;2745
Suda;0
Suda Hanen;0
Sunbeam;0
Suzuki;2540
T-King;0
Talbot;0
Tarpan Honker;0
TATA;59
Tatra;10
Tazzari;0
Tesla;4594
Think;0
Think Global;1
Thunder Tiger;0
Tianma;0
Tiffany;0
Tiger;6
Tofas;0
Toyota;11672
Trabant;4
Triumph;123
TVR;0
Ultima;0
Van Hool;178
Vantage;0
Vauxhall;2
Venturi;0
Venucia;0
Vepr;0
VinFast;0
Volkswagen;34850
Volvo;3939
Voyah;3
Wanderer;2
Wanfeng;3
Wartburg;13
Weiao;0
Weilan;0
Weltmeister;33
Wiesmann;0
Willys;2
Wuling;0
XEV;0
Xiaolong;0
Xiaomi;71
Xindayang;0
Xinkai;1
Xpeng;10
Yema;4
Yogomo;0
Yudo;0
Yugo;0
Zastava;1
Zeekr;333
Zhidou;0
Zimmer;0
Zotye;7
Zuk;3
ZX;17
Богдан;362
Бронто;0
ВАЗ / Lada;16752
ГАЗ;2183
ГолАЗ;0
ЕРАЗ;2
Жук;0
ЗАЗ;4184
ЗИЛ;216
ЗИМ;9
ЗИС;0
ИЖ;463
ЛуАЗ;87
Москвич/АЗЛК;478
РАФ;18
Ретро автомобили;19
Самодельный;123
СеАЗ;0
СМЗ;3
СПЭВ / SPEV;0
ТагАЗ;0
ТогАЗ;0
Тренер;0
УАЗ;431
Циклон;1
Эстония;0
