Audi;2867
BMW;4045
Chevrolet;126
Citroen;544
Fiat;156
Ford;1243
Honda;554
Hyundai;549
Kia;416
Lexus;292
Mazda;264
Mercedes-Benz;1788
Mitsubishi;256
Nissan;693
Opel;1616
Peugeot;900
Renault;825
SEAT;312
Skoda;930
Tesla;173
Toyota;1486
VAZ / Lada;54
Volkswagen;3472
Volvo;2732
AION;0
AMC;0
ATS Corsa;0
Abarth;0
Acura;0
Adler;0
Aero;0
Aiways;0
Aixam;0
Alfa Romeo;63
Alpine;0
Altamarea;0
Anaig;0
Armstrong Siddeley;0
Aro;0
Artega;0
Asia;0
AsiaStar;0
Aston Martin;1
Austin;0
Austin-Healey;0
Autobianchi;0
Avatr;0
BAIC;0
BMW-Alpina;0
BYD;0
Baojun;0
Baoya;0
Baw;0
Beijing;0
Bentley;14
Bertone;0
Blonell;0
BlueCar;0
Bohdan;0
Bollinger;0
Borgward;0
Brilliance;0
Bristol;0
Bronto;0
Bugatti;0
Buick;0
Byton;0
CEVO-C;0
Cadillac;16
Caterham;0
Cenntro;0
Chana;0
Changan;0
Changfeng;0
Changhe;0
Chanje;0
Chery;0
Chrysler;163
Cupra;136
DFSK;1
DKW;0
DS;0
DS;0
Dacia;151
Dadi;0
Daechang;0
Daewoo;0
Daf;0
Dagger;0
Daihatsu;1
Daimler;0
Datsun;0
De Lorean;0
Denza;0
Derways;0
Detroit Electric;0
Diandongwu;0
Dodge;79
Dongfeng;0
Dr. Motor;0
Eagle;0
Elwinn;0
Enovate;0
Estoniya;0
Estrima;0
FAW;0
FCB;0
FSO;0
FUQI;0
Ferrari;0
Fiat-Abarth;0
Fisker;0
Fornasari;0
Forthing;0
Foton;0
GMC;0
Gac;0
Geely;0
Genesis;0
Geo;0
Gonow;0
Groz;0
HAZ;30
Hafei;0
Haima;0
Hanomag;0
Hansa;0
Hanteng;0
Haval;0
Hawtai;0
HiPhi;0
Hindustan;0
HolAZ;0
Hongqi;0
Horch;0
Hozon;0
Huabei;0
Huanghai;0
Hudson;0
Humber;0
Hummer;5
Humvee;0
IM;0
Ineos;0
Infiniti;18
Innocenti;0
Isuzu;3
ItalCar;0
Iveco;0
JAC;1
JAC-Volkswagen;0
JCB;0
JMC;0
Jaguar;154
Jeep;198
Jetour;0
Jiangnan;0
Jinbei;0
Jinbei Minibusus;0
Jonway;0
KG Mobility;0
Karosa;0
Karry;0
KingWoo;0
Kirkham;0
Koenigsegg;0
Konecranes;0
LDV;0
LTI;0
Lamborghini;2
Lancia;33
Land Rover;370
Landwind;0
Leapmotor;0
Leopard;0
Lesheng;0
Li Auto;0
Lichi;0
Lifan;0
Lincoln;4
Lotus;1
LuAZ;0
Lucid;0
Luxgen;0
MEGA;0
MG;0
MINI;201
MPM Motors;0
MYBRO;0
Mahindra;0
Marshell;0
Maruti;0
Maserati;6
Maxus;0
Maybach;0
McLaren;0
Mercury;0
Merkur;0
Microcar;0
Miles;0
Mitsuoka;0
Mobility Ventures;0
Morgan;0
Morris;0
Moskvich/AZLK;0
NIO;0
Neta;0
Norster;0
ORA;0
Oldsmobile;0
Oltcit;0
Otosan;0
Packard;0
Pagani;0
Peerless;0
Peg-Perego;0
Peterbilt;0
Pininfarina;0
Pinzgauer;0
Plymouth;0
Polestar;0
Pontiac;1
Porsche;261
Proton;0
Puli;0
Qifeng;0
Quicksilver;0
RAF;0
RSWG;0
Ram;0
Ravon;0
Raysince;0
Rezvani;0
Rimac;0
Rivian;0
Roewe;0
Rolls-Royce;1
Rover;5
SAIPA;0
SMA;0
SMZ;0
SPEV / SPEV;0
Saab;53
Saleen;0
Samand;0
Samsung;0
Santana;0
Saturn;0
Sceo;0
Scion;0
SeAZ;0
Secma;0
Selena;0
Seres;0
Shelby;0
Shineray;0
Shuanghuan;0
Sidetracker;0
Skywell;0
Skywell;0
Smart;25
SouEast;0
Soyat;0
Spyker;0
SsangYong;17
Star;0
Studebaker;0
Subaru;262
Suda;0
Sunbeam;0
Suzuki;200
T-King;0
TATA;0
TVR;0
TahAZ;0
Talbot;0
Tatra;0
Tazzari;0
Thunder Tiger;0
Tianma;0
Tiger;0
Tofas;0
TohAZ;0
Trabant;0
Trener;0
Triumph;16
Tsyklon;0
UAZ;11
Ultima;0
VEPR;0
Van Hool;0
Vauxhall;0
Venturi;0
Venucia;0
Vepr;0
VinFast;0
Voyah;0
Wanderer;0
Wanfeng;0
Wartburg;0
Weltmeister;0
Wiesmann;0
Willys;0
Wuling;0
XEV;0
Xiaolong;0
Xiaomi;0
Xinkai;0
Xpeng;0
YZh;16
Yema;0
Yogomo;0
Yudo;0
Yugo;0
ZAZ;3
ZX;0
ZYL;0
ZYM;0
ZYS;0
Zastava;0
Zeekr;0
Zhidou;0
Zhuk;0
Zimmer;0
Zotye;0
Zuk;0
bio-auto;0
e.GO;0
ernst-auwarter;0
faw-bestune;0
golf-car;0
great-wall;0
hong-xing;0
hozon-neta;0
iran-khodro;0
king-long;0
link-tour;0
praga-baby;0
tarpan-honker;0
think-global;0
