brand_id;brand_name;count
891;Мода і стиль;3368489
36;Дитячий світ;3192641
3;Запчастини;1710774
903;Хобі, відпочинок і спорт;1680317
539;Дитячий одяг;1626073
37;Електроніка;1322105
899;Дім і сад;1220139
2016;Жіночий одяг;1122029
2357;Автозапчастини;1060251
70;Одяг для дівчаток;832530
542;Дитяче взуття;641170
541;Одяг для хлопчиків;600905
53;Антикваріат / колекції;585500
2015;Жіноче взуття;580740
49;Книги / журнали;534990
2107;Чоловічий одяг;501156
543;Іграшки;417156
98;Аксесуари;408051
1;Нерухомість;374785
2843;Верхній одяг;359389
626;Колекціонування;315296
2014;Чоловіче взуття;305622
270;Шини, диски і колеса;294313
2365;Кузовні запчастини;271534
35;Тварини;268866
573;Спорт / відпочинок;251336
641;Будівництво / ремонт;245723
2841;Плаття;243544
38;Комп'ютери та комплектуючі;231530
667;Посуд / кухонне приладдя;228596
44;Телефони та аксесуари;224624
1532;Авто;224255
7;Бізнес та послуги;215316
540;Одяг для новонароджених;192638
1757;Квартири;192476
2687;Кросівки;188997
654;Інструменти;183796
2739;Верхній одяг;174699
552;Сумки;168376
1459;Автошини;166993
2154;Аксесуари для авто;160256
1758;Продаж квартир;150623
2702;Кросівки для міста;148357
383;Техніка для дому;146869
71;Інші дитячі товари;145806
631;Витвори майстрів / рукоділля;140513
2891;Повсякденні сукні;135592
52;Краса / здоров'я;132644
2358;Двигун;128138
2619;Туфлі;127691
3415;Вело;125397
369;Техніка для кухні;123657
60;Предмети інтер'єру;118495
57;Меблі;112411
2618;Черевики та напівчеревики;111175
545;Товари для школярів;108884
2372;Електрообладнання;105570
2623;Кросівки;103750
2371;Фари та освітлення;102083
2620;Чоботи, напівчоботи;100337
442;Аксесуари для телефонів;95615
2840;Светри, кардигани, худі;92143
1502;Ноутбуки та аксесуари;91415
657;Електроінструмент;90864
2667;Інші кросівки;90403
402;Аудіотехніка;87651
2671;Інші туфлі;87282
1433;Сад / город;84973
3199;Сумки через плече;84704
2672;Інші черевики та напівчеревики;84501
108;Легкові автомобілі;83236
2011;Жіноча білизна та купальники;83160
2738;Кофти й светри;83015
206;Будинки;81151
2670;Інше;81123
390;Індивідуальний догляд;80342
2366;Деталі салону;80131
85;Смартфони / мобільні телефони;78817
2418;Бампери;78798
2628;Босоніжки, сандалі, в'єтнамки;78632
458;Комплектуючі та запчастини;78602
2883;Пальто;78322
420;Тв / відеотехніка;76372
64;Собаки;75718
1602;Продаж будинків;75247
3567;Розвиваючі іграшки;75091
67;Зоотовари;71929
2932;Пуховики і зимові куртки;71851
2362;Ходова частина / підвіска;71143
63;Інші товари для дому;70506
2360;Трансмісія / КПП та АКПП;69870
2844;Джинси;68598
61;Освітлення;68349
6;Робота;67538
1463;Диски;66962
3416;Велосипеди;66161
3352;Мілітарія;64104
889;Дитячий транспорт;63732
2013;Головні убори;62750
3786;Дрібна побутова техніка;62726
2746;Спортивний одяг;62267
69;Дитячі меблі;62031
485;CD / DVD / Платівки;61339
109;Мото;59717
2850;Спортивний одяг;59426
2736;Футболки та майки;59343
2640;Босоніжки;59228
316;Запчастини для іншої техніки;58226
401;Аксесуари й комплектуючі;56530
80;Ноутбуки;55931
590;Туризм;55706
93;Продукти харчування / напої;55367
68;Дитячі коляски;53737
624;Живопис;53420
553;Біжутерія;52341
544;Годування;51953
429;Фото / відео;51938
3573;Ігрові фігурки;51886
2797;Пуховики та зимові куртки;51543
48;Кімнатні рослини;51423
2689;Черевики;51194
1151;Віддам безкоштовно;50266
2995;Інший верхній одяг;50134
2544;Передні фари;49809
3276;Чохли;49767
1465;Колеса в зборі;49209
2856;Вечірні сукні;49199
395;Кліматичне обладнання;48775
1610;Комерційна нерухомість;48688
3568;М'які іграшки;48278
2821;Інший верхній одяг;46486
466;Периферійні пристрої;46398
2838;Майки та футболки;45972
2842;Спідниці;45927
3574;Іграшковий транспорт;45367
188;Будівництво та ремонт;44867
557;Ювелірні вироби;44802
655;Ручний інструмент;44664
3565;Ляльки та пупси;43949
2747;Футболки;43920
3163;Шкіряні сумки;43490
556;Наручні годинники;43451
2839;Блузи і сорочки;43369
2155;Автозвук та мультимедіа;42475
1760;Довгострокова оренда квартир;41853
644;Опалення;40540
2845;Брюки;40455
55;Ігри та ігрові приставки;40281
511;Меблі для вітальні;40270
2741;Джинси;39697
2444;Двигуни у зборі;39658
3651;Фігурки персонажів;38488
596;Полювання / риболовля;38361
45;Музичні інструменти;38303
3564;Конструктори;38156
3661;Машинки;37792
3582;М'які тварини;37643
47;Продаж обладнання для бізнесу;37450
625;Предмети мистецтва;36939
404;Навушники та аксесуари;36795
642;Сантехніка;36759
75;Телевізори;36657
2420;Двері;36631
2017;Мотозапчастини;36426
2937;Шуби, кожухи;36091
1606;Земля;36073
1608;Продаж землі;35710
3848;Навушники;34826
623;Букіністика;34229
529;Текстиль;34082
304;Сільгосптехніка;34004
2367;Кондиціонер, обігрівач, вентиляція;33884
2363;Паливна система;33591
2564;Інше електрообладнання;32858
2722;Інші черевики;32820
2364;Гальмівна система;32751
897;Подарунки;32748
537;Господарський інвентар / побутова хімія;32717
3726;Інші комплектуючі;32384
368;Сільгосп тварини;32299
2141;Шапки;32296
645;Електрика;32061
584;Атлетика / фітнес;31911
1508;Планшети / ел. книги та аксесуари;31828
78;Настільні комп'ютери;31642
1614;Оренда комерційної нерухомості;31411
97;Для весілля;31363
2555;Блоки керування;31358
2847;Костюми;31302
2545;Задні фари;31228
2624;Кеди;31216
648;Вікна / двері / скло / дзеркала;31103
2374;Автоскло;31049
653;Інші будматеріали;30908
1431;Інша електроніка;30293
2580;Для сільгосптехніки;30018
2695;Туфлі;29653
568;Парфумерія;29499
3576;Ігрові набори;29459
2299;Купальники;29101
264;Мотоцикли;28330
2737;Сорочки і теніски;28148
2941;Дублянки;28095
2361;Кермове управління;28006
3569;Настільні ігри та пазли;27791
2424;Крила та їхні частини;27386
2854;Блузи;27337
632;Канцтовари / витратні матеріали;27307
2369;Система запалювання;27256
603;Футбол;27210
3147;Шарфи і рукавички;26947
3148;Окуляри;26802
65;Коти;26721
3585;Інтерактивні іграшки;26313
1520;Безкоштовно (тварини і в'язка);26264
2855;Светри;26167
2848;Жіночі піджаки та жакети;26114
515;Меблі для спальні;25902
2726;Інші туфлі;25605
3673;Інші ігрові набори;25503
2748;Сорочки;25448
3805;Смарт годинники / фітнес браслети;25271
3825;Мережеве обладнання;24994
2749;Худі;24980
2422;Капоти та їхні частини;24829
3419;Велозапчастини;24716
3353;Військовий одяг;24611
394;Інша техніка для індивідуального догляду;24491
2157;Транспорт на запчастини / авторозбірки;24402
2915;Кофтинки;24070
2742;Штани;23920
3297;Інші туристичні товари;23786
2468;КПП / АКПП у зборі;23747
2584;Весільні сукні;23638
3287;Перетворювачі напруги;23368
647;Оздоблювальні та облицювальні матеріали;23328
3142;Рюкзаки міські та спортивні;23288
2996;Інші джинси;23218
2901;Коктейльні сукні;23180
572;Інші товари для краси і здоров'я;23078
3428;Оренда та прокат;22930
2616;Решітка радіатора;22567
192;Перевезення та послуги спецтехніки;22537
3418;Велоаксесуари;22171
538;Дитячі автокрісла;22099
3175;Міські рюкзаки;22012
525;Офісні меблі;21915
3826;Оргтехніка;21827
2819;Спортивні штани;21794
2192;Автомагнітоли;21452
2971;Інші піджаки та жакети;21432
76;Інша техніка для дому;21297
2975;Спортивні костюми;21108
3285;Генератори;21090
3806;Смарт-годинники;20927
1504;Запчастини для ноутбуків;20732
3170;Сонцезахисні окуляри;20433
3818;Інше кліматичне обладнання;20419
81;Планшетні комп'ютери;20276
608;Інші види спорту;20205
2770;Вітровки;20093
2802;Кофти;20053
386;Пральні машини;20015
3143;Гаманці, косметички, візитниці;19669
2311;Роздільні купальники;19659
2944;Жилетки;19311
2191;Інші автоаксесуари;19269
2960;Костюми з брюками;19093
2509;Амортизатори;18745
2879;Топи;18735
2853;Футболки;18614
372;Плити / варильні поверхні;18607
2812;Класичні джинси;18591
2417;Багажники, задні панелі та їхні деталі;18588
2743;Костюми та піджаки;18529
2215;Магнітоли інших марок;18335
2629;Ботильйони;18319
1427;Мода різне;18302
83;Монітори;18253
387;Швейні машини та оверлоки;18244
2131;Бейсболки та кепки;17712
112;Авто / мото послуги;17694
3787;Кавоварки / кавомолки;17669
607;Настільні ігри;17558
1701;Автомобілі з Польщі;17544
2951;Шорти;17533
2012;Одяг для вагітних;17459
2894;Прямі джинси;17457
2378;Бічне скло;17371
1612;Продаж комерційної нерухомості;17252
3593;Інші розвиваючі ігри;17157
2466;Компоненти КПП / АКПП;16928
2301;Бюстгалтери;16922
2793;Светр;16871
1983;Навісне та додаткове обладнання;16861
2158;Автоковрики;16858
3709;Житло подобово;16782
384;Пилососи;16769
583;Роликові ковзани;16744
2018;Мотоекіпірування;16463
2849;Домашній одяг та одяг для сну;16072
533;Декор вікон;16064
2431;Інші кузовні запчастини;15956
3223;Спецодяг, спецвзуття та аксесуари;15924
2868;Сорочки;15878
2642;Лофери;15636
3645;Пазли;15569
570;Обладнання перукарень / салонів краси;15493
2778;Шкіряні куртки;15318
822;Будівельні послуги;15311
3570;Брязкальця та підвіски;15258
3784;Інші запчастини для ноутбуків;15252
3466;Побутові послуги;15087
2858;Плащі й тренчі;15066
370;Холодильники;15049
3421;Квадрокоптери та аксесуари;15042
3146;Ремені та пояси;14941
659;Інший інструмент;14792
414;Акустичні системи;14776
3166;Гаманці;14765
1506;Аксесуари для ноутбуків;14752
1153;Обмін;14693
3290;Ліхтарики;14553
2728;Духи (парфуми);14492
650;Металопрокат / арматура;14248
2756;Спортивні костюми;14232
3829;Роутери (маршрутизатори);14191
3358;Спорядження;14161
3830;Принтери / БФП;14125
2453;Радіатори автомобільні;14120
2931;Спідниці міді;14105
2688;Кеди;14032
2637;Ботфорти;13971
2442;Блок циліндрів та його частини;13945
2903;Шкіряні куртки;13899
523;Кухонні меблі;13866
424;Аксесуари для ТВ/Відеотехніки;13840
2398;Автосидіння, крісла;13785
391;Бритви;13784
265;Мопеди / скутери;13758
392;Фени для волосся;13741
2824;Інші штани;13739
605;Єдиноборства / бокс;13579
3158;Ремені;13565
367;Акваріумістика;13509
3242;Каблучки;13505
2696;Кросівки для бігу;13500
2534;Стартер, запчастини стартера;13486
2182;Пороги та накладки;13258
2010;Чоловіча білизна та плавки;13090
143;Виробництво / робітничі спеціальності;13081
836;Ремонт та обслуговування техніки;13060
2174;Автонасоси, компресори, манометри;12954
193;Краса / здоров'я;12859
3711;Квартири подобово, погодинно;12831
144;Роздрібна торгівля / продажі / закупки;12826
3563;Інше обладнання;12772
2719;Інші кросівки;12764
2759;Світшот;12662
2869;Кардигани;12639
3273;Зарядні пристрої та док-станції;12502
3016;Ортопедичні товари;12246
2176;Пускові та зарядні пристрої;12190
247;В'язка;12189
2846;Комбінезони;12157
2621;Уггі;12116
2630;Балетки;12013
3828;Аксесуари та запчастини;11885
2648;Туфлі-човники;11715
2483;Рейки кермового управління;11636
3272;PowerBank та акумулятори;11622
2506;Розпилювачі та паливні форсунки;11564
2968;Інші брюки;11555
499;Студійне обладнання;11460
140;Логістика / Склад / Доставка;11258
2359;Вихлопна система;11255
435;Аксесуари для фото / відеокамер;11178
3288;Безперебійники живлення;11158
2578;Для вантажівок;11147
3546;Ділові послуги;11120
3008;Макіяж / декоративна косметика;11074
2070;Інші мотозапчастини;11063
2881;Сарафани;10859
3580;Інші іграшки для дітей;10777
101;Приставки;10764
103;Ігрові акаунти;10762
3759;Щипці / плойки для волосся;10732
3575;Набори для творчості;10725
2652;Шльопанці;10720
3260;Вантажоперевезення;10707
3193;Шарфи;10699
602;Водні види спорту;10688
2554;Акумулятори;10677
3076;Бандажі та пояси;10626
3286;Зарядні станції;10588
2787;Класичні костюми;10586
2458;Інші запчастини двигуна;10528
3558;Промислове обладнання;10512
3429;Оренда транспорту та спецтехніки;10481
1944;Допомога;10473
450;Стаціонарні телефони;10461
2729;Парфумована вода;10458
2860;Класичні брюки;10434
2918;Джинсові куртки;10432
3700;Оренда приміщення вільного призначення;10347
2329;М'які бюстгалтери;10326
652;Цегла / бетон / піноблоки;10310
2556;Генератор, запчастини генератора;10181
2880;Худі;10158
3243;Сережки;10102
2501;Паливні насоси;10065
3174;Браслети;9990
40;Лижі / сноуборди;9988
3566;Аксесуари для ляльок та пупсів;9978
3648;Дитячі настільні ігри;9978
3427;Аксесуари для квадрокоптерів;9946
2291;Елементи кріплення;9937
2368;Система подачі повітря;9834
3173;Клатчі;9825
261;Причепи / будинки на колесах;9777
2403;Кнопки / Перемикачі;9749
1482;Запчастини для телефонів;9733
3835;Аксесуари та запчастини для пральних машин;9715
3211;Кольє;9700
646;Пиломатеріали;9654
2425;Кузови легкових автомобілів;9641
2893;Вітровки;9629
2435;Вентилятори, системи кондиціювання та опалення;9602
2456;Турбіни, турбокомпресори;9582
3164;Сережки;9485
1616;Гаражі, парковки;9478
3800;Кухонні комбайни / подрібнювачі;9443
2370;Система очищення вікон та фар;9429
73;Цифрові фотоапарати;9415
3740;Інше;9398
2622;Мокасини та сліпони;9336
203;Послуги освіти та спорту;9328
2175;Авто інструменти, набори ключів;9307
3670;Інші м'які іграшки;9289
484;Аксесуари для приставок;9268
2315;Суцільні купальники;9256
1940;Електросамокати / гіроскутери;9236
2163;Для тюнінгу;9209
2815;Спортивні шорти;9196
2916;Випускні сукні;9130
3197;Рукавички;9107
2510;Балки підвіски;9075
3690;Оренда офісів;9056
2862;Костюми зі спідницею;9031
2440;Трубки, шланги, повітропроводи;9017
2917;Міні-спідниці;8989
2617;Передня панель, телевізор;8986
2740;Шорти;8937
3810;Обігрівачі;8921
2803;Жилети;8829
611;Садовий інвентар;8825
2193;Колонки / сабвуфери;8825
3592;Розвиваючі килимки;8804
893;Інші аксесуари;8795
2859;Джинси-мом;8795
1109;Volkswagen;8725
2300;Труси;8712
2776;Поло;8679
571;Товари для реабілітації та осіб з інвалідністю;8656
2518;Важелі, тяги;8589
2913;Лосини і легінси;8586
2338;Подарунки для чоловіків;8570
656;Бензоінструмент;8541
2952;Джинсові шорти;8539
1115;ВАЗ;8520
2373;Фільтри;8497
2165;Багажники;8485
273;Спецтехніка;8462
3842;Інше мережеве обладнання;8429
2992;Інші плаття;8405
3688;Продаж приміщень вільного призначення;8403
2851;Вишиванки;8336
2302;Комплекти спідньої білизни;8313
2925;Парки;8267
2864;Піжами;8265
2785;Бомбери;8248
2558;Панелі приладів;8247
2985;Спортивні штани та брюки;8237
2714;Трекінгові кросівки;8220
385;Праски;8201
2230;Колонки/сабвуфери інших марок;8135
2823;Інші джинси;8106
3145;Аксесуари для волосся;8083
2721;Трекінгові черевики;8059
3583;Іграшки сортери;8039
2760;Пальто;8032
3354;Військове взуття;8011
2460;Приводні вали;8003
2409;Подушки безпеки, AIRBAG;7934
2521;Маточини, підшипники маточини;7929
2690;Сандалі і шльопанці;7928
430;Плівкові фотоапарати;7907
2426;Дверні замки та ключі;7886
382;Інша техніка для кухні;7787
2890;Світшоти;7763
2024;Запчастини двигуна;7748
2419;Підсилювачі бампера, буфер бампера;7688
2310;Панчохи / шкарпетки / колготки;7645
3204;Шоппери;7568
2632;Мокасини;7567
1856;Інше;7563
405;Портативна акустика;7562
3279;Захисні плівки / скло;7552
2837;Боді;7514
415;Підсилювачі та ресивери;7470
3212;Набори біжутерії;7456
2800;Шуби та дублянки;7427
2583;Для інших видів техніки;7419
2415;Торпедо, консоль;7398
3782;Інші комп'ютерні аксесуари;7397
2816;Спортивні кофти та светри;7359
3746;Системи відеоспостереження;7342
3007;Догляд за обличчям;7313
1514;Аксесуари для планшетів / ел. книг;7246
2400;Дверні карти, обшивка дверей;7233
2754;Чоловічі піджаки;7221
2857;Джинсові спідниці;7211
1946;Пропоную допомогу;7151
3224;Робочий спецодяг;7131
2949;Косухи;7086
3716;Адаптери / конектори;7069
2412;Кермо;7057
2563;Електропроводка та компоненти;7029
2443;Газорозподільний механізм (ГРМ);7006
1730;Pozostałe osobowe;6996
824;Оздоблення, ремонт;6989
3000;Для манікюру і педикюру;6984
3653;Фігурки тварин;6940
2347;Подарункові коробки та пакування;6916
3492;Репетитори;6896
2762;Прямі джинси;6855
2693;Мокасини та сліпони;6791
2446;Кривошипно-шатунний механізм;6715
2886;Комбінезони з брюками;6697
2549;Лампочки;6661
2437;Компресори;6634
2904;Вузькі джинси / skinny;6625
21;Продаж гаражів, парковок;6618
3572;Іграшкова зброя;6601
2994;Інші спідниці;6579
726;Сировина / матеріали;6501
1978;Трактор сільськогосподарський;6488
3672;Інші фігурки;6458
3802;Мультиварки / пароварки;6458
2516;Пружини підвіски;6452
2479;Гідропідсилювач керма;6445
2156;GPS-навігатори / відеореєстратори;6439
2421;Захист картера та КПП;6428
2581;Для спецтехніки;6398
3420;Електровелосипеди;6366
3374;Берці;6364
3360;Камуфляжні костюми;6361
2494;Гальмівні колодки дискові;6359
1922;Продавець;6333
2465;Диференціали (редуктори);6330
2413;Ручки дверей та салону;6314
2043;Мотошоломи;6310
102;Ігри для приставок;6305
3814;Зволожувачі та осушувачі повітря;6251
2706;Мокасини;6244
2496;Гальмівні супорти;6231
2757;Лонгслів;6222
3809;Кондиціонери;6196
2546;Протитуманні фари;6181
2978;Спортивні топи;6175
2708;Кросівки для залу і тренувань;6156
2814;Спортивні футболки та майки;6139
2493;Гальмівні диски;6127
2703;Берці;6104
2197;Кабелі, адаптери, запобіжники;6098
3245;Підвіски;6090
3361;Штани;6089
651;Елементи кріплення;6018
3417;Велозахист;5983
1467;Ковпаки;5977
3717;Батарейки / акумулятори;5954
2571;Мастила та автохімія;5925
330;Довгострокова оренда будинків;5904
2186;Фаркопи;5889
421;Медіа програвачі;5882
2530;Замки запалювання та ключі;5864
1754;Кімнати;5833
3208;Валізи;5820
2888;Спортивні лосини;5748
2019;Мотоаксесуари;5598
3440;Авто;5571
2290;Каністри;5557
441;Телескопи / біноклі;5551
2188;Чохли, тенти, накидки;5548
2635;Челсі;5538
3408;Інше спорядження;5505
509;Аксесуари для музичних інструментів;5493
2379;Скло дверей;5484
3182;Кулони / підвіски;5425
1874;Готельно-ресторанний бізнес / Туризм;5379
150;Будівництво / облицювальні роботи;5363
826;Сантехніка та комунікації;5311
371;Мікрохвильові печі;5284
3015;Гігієнічні засоби;5253
3284;Інші аксесуари для телефонів;5243
2177;Наклейки, емблеми, значки;5237
3179;Хустки;5204
522;Меблі для передпокою;5180
1911;Водій;5155
3790;Соковижималки;5149
3677;Служба в Силах оборони;5110
622;Антикварні меблі;5103
3426;Квадрокоптери;5096
3188;Поясні сумки;5071
3487;Вивезення сміття;5070
2959;Інші шорти;5050
3704;Фурнітура (віконна, дверна);5029
3788;Електрочайники;5011
3359;Збройові аксесуари;5004
3277;Data-кабелі / адаптери;4987
3785;Морозильні камери;4985
3755;Інші запчастини для телефонів;4982
3556;Холодильне обладнання;4965
3247;Ланцюжки;4959
410;Радіоприймачі;4933
2488;Деталі гальмівних систем ABS, EBD;4920
3018;Косметичні інструменти та аксесуари;4906
3365;Куртки;4902
365;Гризуни;4901
2651;Кросівки для бігу;4847
2377;Скло вітрове (лобове);4843
2867;Майки;4839
2531;Котушки запалювання;4835
2878;Сорочки та блузки вишиванки;4829
2983;Спортивні кофти;4805
2870;Туніки;4796
266;Квадроцикли;4784
2332;Корсети;4768
3244;Браслети;4762
222;Вантажні автомобілі;4750
2445;Кожухи та кришки двигуна;4743
2339;Подарунки для жінок;4736
3845;Картриджі / тонери;4730
2908;Гольфи / водолазки;4714
2375;ГБО;4701
1981;Міні-трактор;4681
3822;Джойстики, геймпади;4662
3230;Робоче взуття;4645
1009;Ford;4631
2691;Чоботи;4615
3141;Скриньки для прикрас;4588
597;Ігри з ракеткою;4587
428;Інша ТВ / відеотехніка;4561
2911;Бомбери;4544
186;Інші послуги;4531
2772;Широкі джинси;4520
3545;Прийом вторсировини;4515
432;Об'єктиви;4514
3296;Рюкзаки;4504
3591;Музичні інструменти;4496
2111;Термобілизна;4481
2876;Халати;4449
2144;Капелюхи;4443
3797;Грилі / електробарбекю;4443
2502;Баки та бачки паливної системи;4429
66;Інші тварини;4428
3189;Брошки;4421
2356;Інші подарунки;4401
1518;Проектори;4386
2123;Джинси для вагітних;4377
3824;Інші ігрові аксесуари;4353
3176;Косметички;4330
2416;Інші деталі салону;4315
2942;Широкі джинси;4267
3233;Робочі черевики;4260
2817;Класичні штани;4237
2625;Домашні капці;4222
3063;Підгузки для дорослих;4212
2822;Інші шорти;4193
2852;Інший жіночий одяг;4178
2514;Поворотні кулаки;4176
3555;Торгово-виставкове обладнання;4167
431;Відеокамери;4165
1748;Вантажівки та спецтехніка з Польщі;4142
3727;Студійне обладнання;4142
3013;Для нігтів;4135
3692;Оренда торгових приміщень;4133
969;Audi;4129
42;Продаж бізнесу;4122
2439;Радіатори обігрівачів;4121
1494;Побутова техніка;4112
489;Акустичні гітари;4109
2110;Труси;4106
2455;Система змащування двигуна;4102
2704;Шльопанці;4074
3355;Рюкзаки та сумки;4073
973;BMW;4053
2406;Пластик салону;4048
3431;Оренда обладнання;4019
2813;Карго;4010
3004;Меблі для салонів краси;4008
1069;Opel;4002
2459;Карданні вали;3990
2947;Екошуби;3976
3501;Послуги евакуатора, автовозу;3964
3812;Вентилятори;3953
1993;Легковий причіп;3950
1081;Renault;3932
88;Рації та інші телефони;3896
2735;Туалетна вода;3878
1429;Інше;3873
2305;Еротична білизна;3851
658;Пневмоінструмент;3845
3177;Заколки;3834
3761;Масажери;3830
3767;Чохли;3827
2384;Глушники;3826
409;Магнітоли та магнітофони;3792
2044;Мотокуртки;3789
1756;Довгострокова оренда кімнат;3782
2448;Подушки двигуна;3779
3762;Зубні щітки / іригатори;3758
2633;Снікерси;3754
380;Посудомийні машини;3735
2249;Відеореєстратори;3711
3590;Іграшки каталки;3708
426;Супутникове ТВ;3704
2172;Домкрати;3684
2447;Маховики та їхні компоненти;3684
2984;Спортивні куртки і вітровки;3673
2830;Коляски;3645
2170;Підставки та тримачі;3642
2112;Шкарпетки;3641
582;Ковзани;3638
2724;Інші чоботи;3633
3291;Газові пальники (портативні газові плити);3616
389;Фільтри для води;3610
1055;Mercedes-Benz;3600
2450;Поршнева група;3585
2469;Мости трансмісії;3582
2964;Шкіряні брюки;3581
2912;Високі джинси / джинси з високою талією;3563
3292;Газові балони;3560
3731;Apple;3519
3720;Плати;3513
2524;Впускний та випускний колектори;3473
3253;Набори;3460
2500;Інші запчастини гальмівної системи;3459
2922;Джемпери;3447
90;Піаніно / фортепіано / роялі;3439
416;Cd / md / вінілові програвачі;3412
1065;Nissan;3404
3549;Юридичні послуги;3402
2551;Повторювачі поворотів;3383
3149;Краватки і метелики;3372
3180;Окуляри для зору;3335
2567;Паливні фільтри;3331
2348;Подарунки ручної роботи;3330
1945;Потрібна допомога;3322
2649;Гумові чоботи;3314
3295;Спальні мішки;3312
3019;Креми для обличчя;3299
2987;Сукні вишиванки;3298
2709;Напівчеревики;3280
2538;Моторчики двірників;3264
2402;Задня полиця;3222
1912;Вантажник;3218
2504;Дросельні заслінки;3216
3356;Розвантажувальні системи;3209
3261;Пасажирські перевезення;3208
3009;Косметика для волосся;3200
2122;Штани і легінси для вагітних;3195
1461;Мотошини;3176
3161;Краватки;3172
1095;Skoda;3151
1425;Інше;3151
2646;Сандалі;3148
476;Зовнішні накопичувачі;3143
2171;Дефлектори;3141
2314;Шкарпетки;3141
1902;СТО / автомийки;3129
2166;Бризковики;3096
2899;Лонгслів;3093
2794;Парки;3090
2790;Джинсові куртки;3069
2784;Олімпійка;3044
2662;Сабо;3034
2769;Толстовки;3026
480;Витратні матеріали;2995
2517;Ресори та їхні складові;2995
2476;Керма та їхні компоненти;2992
2138;Панами;2977
2035;Паливна система;2974
991;Daewoo;2960
3504;Організація свят;2938
1023;Hyundai;2930
2520;Стійки стабілізаторів;2923
524;Меблі для ванної кімнати;2915
3526;Дрова, вугілля, пелети;2898
419;Інша аудіотехніка;2895
3529;Інша сировина;2872
3780;Сумки та рюкзаки для ноутбуків;2869
28;Оренда гаражів, парковок;2860
3827;Запчастини для кухонної техніки;2855
1941;Електроскутери;2853
3239;Робочі костюми;2831
2475;Інші запчастини трансмісії;2829
2882;Шкіряні спідниці;2813
2116;Плаття для вагітних та годуючих;2810
2582;Для водного транспорту;2801
2965;Широкі брюки;2785
2542;Двірники;2775
3202;Портфелі;2764
3467;Клінінг;2756
1778;Різноробочий;2734
2526;Корпуси повітряного фільтра;2721
2537;Бачки та кришки омивачів;2720
3432;Прокат інструментів;2710
3831;Запчастини для холодильників;2704
3488;Послуги садівника, догляд за територією;2701
2322;Колготки;2693
2896;Комбінезони з шортами;2692
2324;Бюстгалтери з Push up;2687
3737;Samsung;2674
855;Масаж;2666
1107;Toyota;2652
3382;Жилети розвантажувальні;2652
828;Електромонтажні послуги;2651
3210;Дорожні сумки;2636
497;Духові інструменти;2635
3011;Косметика для тіла;2632
2751;Джинсові шорти;2630
381;Витяжки;2629
2380;Заднє скло;2623
1496;Інша техніка;2614
84;Інше;2569
136;Часткова зайнятість;2568
3195;Спортивні сумки;2559
3659;Залізниці та потяги;2537
2451;Прокладки та комплекти прокладок;2535
2519;Сайлентблоки;2533
3225;Медичний одяг;2529
2199;Інші компоненти;2527
3274;Гарнітури;2517
3808;Аксесуари та запчастини для смарт-годинників;2517
3664;Дитячі кухні;2505
3679;Продаж торгових приміщень;2494
2387;Датчики температури палива, оливи та інші;2486
3697;Оренда салонів, кабінетів краси;2464
490;Електрогітари;2451
3693;Оренда складів, ангарів;2450
1982;Комбайн;2429
2027;Освітлення та лампи;2404
3184;Обручі;2398
643;Вентиляція;2390
2428;Лонжерони, підрамники;2379
3559;Обладнання для ресторанів і кафе;2368
2179;Автомобільний органайзер;2365
3734;Lenovo;2365
107;Меблі на замовлення;2363
2698;Сандалі;2363
2353;Свічки ручної роботи;2350
3586;Бізіборди та куби;2346
2508;Інші запчастини паливної системи;2338
2572;Моторні мастила;2329
2565;Повітряні фільтри;2324
3017;Медичне приладдя;2320
297;Навантажувачі;2319
829;Готові конструкції;2308
2515;Проставки для збільшення кліренсу;2294
2411;Ремені безпеки та натягувач;2282
3294;Палатки;2281
3400;Тепловізори;2273
3489;Інші побутові послуги;2260
2282;Volkswagen;2258
983;Chevrolet;2255
3710;Будинки подобово, погодинно;2245
1500;Екшн-камери;2226
3151;Ремінці та браслети для годинника;2223
1962;Інше;2217
2344;Подарунки на Новий рік;2217
2587;Весільні аксесуари для нареченої;2208
3650;Пістолети;2200
2561;Реле;2195
2452;Ролики та натягувачі;2188
2961;Костюми з шортами;2178
1037;Kia;2177
1958;Для дітей;2174
1959;Одяг та взуття;2174
2718;Лофери;2160
293;Бульдозери / трактори;2158
3669;Інший іграшковий транспорт;2158
183;Клінінг / Домашній персонал;2148
2497;Гальмівні циліндри;2148
3654;Бластери;2144
852;Манікюр, педикюр, нарощування;2139
3804;Інша дрібна побутова техніка;2129
1053;Mazda;2124
2040;Електрика;2124
2397;Інші компоненти ГБО;2123
1954;Інше;2116
825;Монтаж вікон, дверей, балконів;2110
2484;Кермові механізми;2107
1879;Кухар;2080
3777;Підставки / стійки;2076
2090;Карбюратори;2074
2950;Куртки-сорочки;2071
3747;Дисплеї / екрани;2071
3006;Інше;2055
3794;Фритюрниці / аерогрилі;2055
1755;Продаж кімнат;2051
3231;Робочі штани;2050
3561;Медичне обладнання;2044
3357;Підсумки;2041
3832;Аксесуари та запчастини для пилососів;2037
3150;Аксесуари для взуття;1999
2109;Мото диски та колеса;1996
253;Водний транспорт;1995
3587;Ігрові центри;1979
3744;Підставки / кріплення / тримачі;1978
1516;Графічні планшети;1973
2433;Автономні обігрівачі;1971
3801;Кавомашини;1963
3257;Інші транспортні послуги;1958
2940;Спідниці-шорти;1957
3849;Аксесуари для навушників;1953
413;Музичні центри;1951
3518;Ремонт під ключ;1951
2499;Підсилювачі гальм та їхні компоненти;1950
2659;Трекінгові кросівки;1934
3379;Сумки;1934
2247;GPS-навігатори;1920
3406;Наколінники та налокітники;1919
2523;Інші запчастини підвіски;1917
2334;Інші бюстгалтери;1916
2758;Вишиванки;1916
3378;Рюкзаки;1915
2474;Шруси;1910
3795;Міксери;1910
3774;Матриці для ноутбуків;1903
3448;Екскаватор, бульдозер;1902
152;Охорона / безпека;1896
1063;Mitsubishi;1886
2130;Пояси для вагітних та годуючих;1875
3550;Поліграфія, реклама, друк;1867
3032;Тіні;1866
3776;Клавіатури для ноутбуків;1862
1175;Послуги психолога;1859
3764;Небулайзери / інгалятори;1857
3082;Інструменти для манікюру та педикюру;1856
3486;Послуги асенізатора;1845
1979;Мотоблок;1838
495;Синтезатори;1837
2589;Весільні аксесуари (декор);1834
1486;Комп'ютерна техніка;1828
3807;Фітнес-браслети / трекери;1827
3386;Медицина;1826
2933;Джинси кльош;1809
393;Ваги підлогові;1807
3552;Маркетингові послуги;1796
2252;BMW;1778
3681;Продаж офісів;1777
2414;Ручки КПП;1757
2727;Інше чоловіче взуття;1751
2289;Інший бренд;1749
2656;Кросівки для фітнесу та тренувань;1741
2251;Audi;1731
1119;ЗАЗ;1730
3581;Мозаїки;1724
3820;Мікрофони;1722
1928;Касир;1718
2928;Лижні штани та брюки;1715
2631;Дутики;1708
3140;Інше;1705
3741;Світло;1704
3154;Каблучки;1698
3235;Медичні костюми;1696
137;Краса / фітнес / спорт;1695
2069;Інші мотоаксесуари;1689
2269;Mercedes-Benz;1687
433;Штативи / моноподи;1680
196;Фото та відеозйомка;1676
1997;Вантажний причіп;1673
3144;Парасолі;1673
3522;Буріння свердловин;1669
1796;Охоронець;1665
2969;Джинсові піджаки;1664
2897;Нічні сорочки;1659
2970;Шкіряні піджаки;1657
3789;Хлібопічки;1656
3398;Спеціальні та інші підсумки;1655
2021;Амортизатори та підвіска;1652
2836;Інше;1647
1071;Peugeot;1644
2566;Мастильні фільтри;1643
1925;Продавець-консультант;1636
2532;Свічки запалювання;1631
2407;Підлокітник;1629
3214;Інше;1629
3551;Фінансові послуги, партнерство;1629
498;Ударні інструменти;1583
3833;Комутатори;1583
3367;Рукавички;1579
2512;Кульові опори;1572
2926;Рвані джинси;1570
2962;Джинсові комбінезони;1566
2576;Автокосметика та автохімія;1564
195;Послуги для тварин;1555
1984;Інша сільгосптехніка;1550
2003;Тракторний причіп;1539
2331;Бюстгалтери топи;1531
2376;Інші види запчастин;1529
3768;Інші аксесуари для планшетів;1526
2559;Запобіжники, переривники;1524
3579;Дитячі маски;1521
2045;Мотоштани;1511
3517;Будівництво під ключ;1509
3703;Шпалери;1509
3116;Тональний крем;1506
2553;Інші елементи освітлення;1503
2194;Підсилювачі;1502
2525;Інтеркулери;1501
2663;Козаки;1499
3213;Інше;1498
3206;Барсетки;1492
2330;Компресійні панчохи;1491
2982;Спортивні комбінезони;1491
3455;Оренда біотуалетів і побутівок;1469
1484;Кліматична техніка;1467
3718;Діоди;1466
3763;Девайси для обличчя;1461
2259;Ford;1456
3719;Конденсатори;1456
2752;Завужені джинси (Skinny);1455
3410;Оптичні приціли;1448
2608;Весільні ювелірні вироби та прикраси;1446
3722;Реле / регулятори / стабілізатори;1446
2119;Нижня білизна для вагітних та годуючих;1444
3811;Тепловентилятори;1441
3001;Для перукарні;1439
2900;Толстовки;1433
2160;Автосигналізації, блокувачі;1432
2609;Весільне взуття;1431
3757;Епілятори;1427
1878;Бариста;1420
3760;Стайлери;1419
3689;Продаж інших приміщень;1412
1704;BMW;1405
3434;Прокат техніки та електроніки;1404
3030;Дзеркала для макіяжу;1403
2046;Мотоботи, моточеревики;1399
2914;Лижні куртки;1398
2956;Бриджі та капрі;1394
2981;Спортивні шорти;1374
3505;Ритуальні послуги;1371
3021;Шампуні;1369
2480;Накінечники кермові;1361
2863;Піджаки оверсайз;1361
3723;Транзистори;1350
2048;Моторукавички;1347
3728;Сушильні машини;1347
3584;Іграшки-подушки;1346
2577;Інші мастила та рідини;1345
2394;Балони газові;1333
2389;Клапани EGR;1327
3520;Демонтажні роботи;1327
2552;Освітлення інтер'єру;1323
3407;Тактичні окуляри;1323
3792;Вафельниці / бутербродниці;1323
1019;Honda;1313
2023;Вихлопні системи, прямоструми, глушники;1313
2246;Підсилювачі інших марок;1312
3125;Набори;1307
2829;Плащі;1305
3059;Креми для тіла;1302
2271;Nissan;1296
2162;Автошторки;1295
1783;Будівельник;1292
3502;Послуги вантажників;1287
2200;Pioneer;1282
3014;Для гоління;1278
2513;Пневморесори, пневмоподушки;1271
3813;Очищувачі та озонатори повітря;1268
3817;VR окуляри;1267
1161;Ігри для PC;1254
3088;Губна помада;1254
3373;Інший одяг;1251
1510;Електронні книги;1245
1809;Прибиральниця;1245
2610;Інше;1243
2627;Спортивне взуття;1243
3457;Послуги маніпулятора;1238
1850;Пакувальник;1234
851;Перукарські послуги;1226
3435;Прокат товарів для заходів;1222
2833;Ходунки;1219
2441;Інші запчастини кондиціонерів та опалення;1218
2386;Датчики кисневі (лямбда-зонд);1207
2454;Сальники та ущільнюючі кільця;1205
2430;Нижня частина кузова та рама автомобіля;1198
3234;Робочі куртки;1185
2275;Renault;1184
2132;Балаклави;1179
2723;Інше;1176
3162;Устілки для взуття;1176
3652;Автомати;1176
3840;3D принтери та аксесуари;1176
1749;Вантажні автомобілі з Польщі;1173
3779;Чохли / накладки для ноутбуків;1171
1752;Будівельна техніка з Польщі;1170
2909;Ділові сукні;1169
3387;Захист;1168
604;Хокей;1161
434;Фотоспалахи;1160
3540;Кафе, ресторани, кав'ярні;1158
2147;Берети;1156
2892;Спідниці довгі;1156
2611;Туфлі;1153
3766;Стілуси;1143
2395;Редуктори газові;1136
3497;Фотозйомка та ретуш фото;1136
2745;Одяг для дому та сну;1128
2304;Термобілизна;1125
3364;Кофти;1124
3667;Трактори;1120
2388;Каталізатори;1119
853;Вії та брови;1109
1903;Автослюсар;1109
1473;Адміністративний персонал / HR / Секретаріат;1108
453;Сервери;1107
1490;Тв і відеотехніка;1105
1839;Швачка, кравець;1104
1914;Комірник;1101
1117;ГАЗ;1100
3194;Контактні лінзи;1095
2660;В'єтнамки;1092
3758;Тримери;1092
3240;Інше;1091
2528;Інші запчастини подачі повітря;1090
2644;Сліпони;1090
3834;Сканери;1089
1512;Запчастини для планшетів / ел. книг;1088
3087;Засоби для очищення обличчя;1087
493;Комбопідсилювачі;1083
1522;Нерухомість за кордоном;1082
3405;Тактичні навушники;1078
2423;Амортизатори капота, багажника;1074
3479;Хімчистка та прання;1072
3111;Сироватки для обличчя;1068
3793;Тостери;1067
2664;Мюлі;1065
3237;Робочі комбінезони;1065
3402;Кобури;1065
2485;Кермові тяги;1064
3714;Хостели, койко-місця;1063
3524;Зварювальні роботи;1062
3571;Іграшки для купання;1062
2548;Ксенон;1061
72;Mp3 плеєри;1059
2401;Дзеркала;1058
2835;Матраци від пролежнів;1053
3662;Набори професій;1051
2557;Кнопки та вимикачі;1050
2527;Патрубки турбіни та інтеркулера;1049
2923;Сукня-піджак;1049
3532;Магазини;1043
2828;Інший чоловічий одяг;1039
3647;Дитячі головоломки;1039
3278;Карти пам'яті;1034
3547;Бухгалтерські послуги;1034
3705;Автоматика для воріт;1033
1987;Моторний човен;1032
2068;Мотосумки, кофри, рюкзаки;1032
3751;Корпуси / панелі;1032
3363;Сорочки;1027
3096;Блиск для губ;1026
2865;Лижні костюми;1024
2958;Велосипедки;1023
2184;Вогнегасник, аптечка, аварійка;1019
1716;Mercedes-Benz;1017
3414;Інше;1015
2399;Бардачки;1014
3215;Інше;1013
3687;Продаж виробничих приміщень;1011
3375;Кросівки;1004
3578;Дитячі м'ячі;1004
2998;Інше;1000
823;Проєктування та дизайн;997
3086;Органайзери для косметики;997
2036;Гальмівна система;994
3544;Інші види бізнесу;994
3506;Аніматори та ростові ляльки;990
3748;Акумулятори;989
2972;Домашні костюми;986
2135;Комплекти;985
3388;Аптечки та медичні набори;981
3701;Оренда інших приміщень;975
1035;Jeep;970
1934;Пекар;963
2050;Мотозахист;963
2885;Штани карго;957
854;Медичні послуги;954
2296;Пляжні сукні та туніки;954
3756;Машинки для стрижки;943
2929;Накидки;937
1845;Різноробочий;933
2697;Челсі;931
2791;Пляжні шорти;930
987;Citroen;929
3649;Інші настільні ігри;929
301;Екскаватори;927
1750;Причепи з Польщі;926
3770;Акумулятори для ноутбуків;925
3110;Інше;924
1007;Fiat;921
2505;Карбюратори та комплектуючі;920
2871;Спідниці олівець;916
2031;Кермо та управління;913
120;Бюро знахідок;908
3169;Палантини і шалі;905
2427;Автомобільні люки;904
3203;Запонки;895
2281;Toyota;894
2481;Педаль газу;889
1857;Адміністратор;888
3548;Створення сайтів;885
2666;Кросівки-хайтопи;880
3178;Пояси;879
2125;Верхній одяг для вагітних;877
2261;Hyundai;874
1751;Сільгосптехніка з Польщі;873
2272;Opel;869
3002;Для масажних салонів;867
3821;Комплектуючі для аудіотехніки;863
3010;Фарбування;860
54;Квитки;856
3507;Виготовлення пам'ятників;852
3025;Гель-лаки;850
2270;Mitsubishi;847
3438;Прокат дитячого одягу та товарів;844
2910;Теплі спідниці;841
3456;Інше обладнання;839
3409;Коліматори;836
3721;Резистори;835
204;Догляд за дітьми та літніми людьми;833
649;Лакофарбові матеріали;833
3232;Медичні халати;833
86;Сім-карти / тарифи / номери;831
2654;Оксфорди;831
2195;Антени для авто;830
2775;Спортивні куртки;830
3437;Прокат одягу та аксесуарів;829
2795;Лижні штани;828
1966;Автокрани та маніпулятори;827
3798;Сушарки (дегідратори);826
3200;Чокери;821
3091;Стартовий набір для манікюру;816
1728;Volkswagen;814
1913;Кур'єр;814
3724;Трансформатори;811
2809;Джогери;809
2248;Навігаційні карти та GPS-аксесуари;808
1727;Toyota;805
2173;Лебідки;796
2788;Лижні куртки;795
2535;Трамблери;792
2264;Kia;791
2151;Пов'язки та хутряні навушники;790
2183;Рамки номерного знаку;790
2164;Ароматизатори, озонатори;789
2076;Передні амортизатори;788
2977;Спортивні майки;786
1703;Audi;784
2789;Гольф / водолазка;782
3480;Пошиття та ремонт одягу;782
3393;Каски та шоломи;774
2568;Фільтри салону;771
2355;Інші подарунки ручної роботи;768
1111;Volvo;764
2030;Рама, кронштейни та маятники;758
1556;Tesla;756
2966;Брюки кльош;756
2796;Кардиган;753
2089;Бензобаки, кришки, датчики;751
2768;Теніски;751
3765;Клавіатури;750
981;Chery;749
2464;Диски фрикційні та віскомуфти;746
2953;Шкіряні шорти;743
3453;Оренда риштувань;740
1724;Skoda;734
2381;Автоскло інших видів;728
3127;Пензлі;717
2707;Оксфорди;716
2113;Плавки;715
3413;Приклади, рукоятки, сошки;715
3513;Інші послуги для свят;710
3157;Пов'язки;707
3167;Гумки;704
3012;Для ротової порожнини;701
3490;Автоінструктори;699
1881;Офіціант;698
3160;Оправи;695
1921;Менеджер з продажу;694
1904;Мийник;692
1103;Subaru;689
87;Телефони і смартфони;685
3022;Фарба для волосся;685
2057;Дзеркала на мотоцикл;683
1165;Початок кар'єри / Студенти;682
2169;Декоративна підсвітка авто;679
2268;Mazda;678
2720;Броги;678
3446;Кран;677
2196;FM-трансмітери;676
2178;Насадки на глушник;670
2161;Автохолодильники;668
2647;Берці;667
3366;Ремені;667
2898;Джоггери;663
3815;Магазин предметів інвентарю;661
3458;Тату, татуаж, пірсинг;660
2763;Чіноси;659
2945;Спідниці з екошкіри;653
2115;Блузки та туніки для вагітних та годуючих;648
2665;Інше жіноче взуття;648
2039;Ланцюги та зірочки;641
2889;Поло;639
2805;Анорак;637
2434;Блок управління кондиціонером;635
3031;Маски для обличчя;634
3054;Гребінці;634
3482;Дезінфекція та дезінсекція;634
2607;Весільний рушник;632
3510;Ведучі, музиканти, тамада;630
3027;Прокладки;629
2150;Бандани, бафи;620
3682;Продаж складів, ангарів;618
3769;USB Hubs;618
3668;Літаки;617
2457;Шківи та шпонки двигуна;614
3658;Інша іграшкова зброя;612
1797;Перукар;609
2350;Букети;602
3791;Блендери;602
3094;Бігуді;600
3521;Ландшафтні та земляні роботи;599
302;Обладнання для спецтехніки;598
2278;Skoda;598
151;Інші сфери занять;597
3462;Лазні, сауни та СПА;597
3516;Електро та бензоінструмент;596
2429;Лючки, кришки бензобака;595
2861;Літні комбінезони;593
2295;Інші головні убори;592
3172;Креми, щітки та інші аксесуари;591
3733;Huawei;591
2976;Спортивні футболки;590
3839;Ретранслятори Wi-Fi;589
3803;Вакуумні пакувальники;588
2585;Весільні костюми;586
2765;Піжами;582
145;Реклама / дизайн / PR;579
1045;Lexus;578
3020;Туш;577
3411;Цівки, накладки, кріплення;577
3401;Нашивки, шеврони, жетони;576
3430;Прокат велосипедів і мото;575
3493;Курси та тренінги;573
2716;Гумові чоботи;572
3038;Станок для гоління;571
3181;Пляжні сумки;569
3390;Джгути, турнікети;569
2052;Інше мотоекіпірування;567
2198;DVD, TV, інша мультимедіа;565
3198;Чохли для окулярів;565
1843;Комплектувальник;564
2503;Впускні колектори;559
2032;Сидіння;556
3119;Пудри;554
2022;Варіатори та редуктори;551
2511;Втулки;551
3201;Рукавиці;549
1948;Житло;543
3483;Аварійне відкриття замків;539
3362;Футболки;538
3254;Інше;536
2472;Циліндри зчеплення;534
2895;Лляні штани;533
3130;Маски для волосся;532
3694;Оренда кафе, ресторанів, кав'ярень;532
1909;Шиномонтажник;531
827;Вентиляція та кондиціонування;528
2573;Трансмісійні мастила;525
3376;Черевики та напівчеревики;519
3509;Інші ритуальні послуги;519
1713;Kia;518
190;Туризм / іміграція;516
2106;Інші;516
2692;Домашні капці;513
3093;Ортези;513
2009;Інші причепи;512
2478;Кермові вали та їхні компоненти;512
3739;Xiaomi;510
2253;Chevrolet;509
2771;Карго;507
3454;Оренда бетонозмішувачів та віброплит;502
1846;Зварювальник;500
2507;Регулятори тиску палива;500
2799;Светр реглан;500
3450;Інший транспорт;500
2993;Інше;498
1011;Geely;497
3122;Рум'яна;497
3691;Оренда виробничих приміщень, ферм;497
2547;Денні ходові вогні;491
2919;Джинси утеплені;491
3461;Видалення волосся;487
3523;Інші послуги з будівництва;486
2047;Мотокомбінезони;485
2767;Майки;485
3665;Танки;478
2405;Попільничка;477
3196;Ланцюжки;477
2650;Еспадрилі;476
2832;Милиці;475
3052;Корсети, коректори постави;473
2190;Щітки та скребки;472
3713;Готелі, бази відпочинку;472
2263;Jeep;470
3534;Грумінг, стрижки, салони;469
2025;Коробка передач;467
2303;Корегуюча білизна;467
3249;Кольє;462
3464;Няня;459
2284;ВАЗ;451
3773;Док-станції;451
1919;Інше;449
2834;Туалетні стільці;448
3730;Asus;448
3778;Кулери / системи охолодження;448
1043;Land Rover;447
2099;Генератори та магнето;447
2382;Вихлопні колектори;447
1800;Майстер манікюру;446
3525;Паливо;445
1995;Напівпричіп;443
2550;Відбивачі, корпуси фар;443
2579;Для автобусів;443
2075;Задні амортизатори;441
2487;Барабани гальмівні;441
1712;Hyundai;437
989;Dacia;436
2341;Подарунки на день народження;436
2744;Комбінезони;434
2774;Халати;434
3439;Інші товари на прокат;431
2187;Ланцюги, браслети протиковзання;429
303;Інша спецтехніка;424
3702;Tesla;424
3535;Акаунти в соц мережах;423
3819;Диктофони;421
3463;Моделі для б'юті-послуг;417
2734;Інше;416
2482;Пильовики, відбійники;413
3412;Полум'ягасники, ДТК, глушники;413
2061;Панельні прилади;412
2562;Звукові сигнали;412
3460;Косметологічні послуги;409
1710;Ford;407
3666;Гелікоптери;407
141;Освіта / переклад;406
2260;Honda;406
2059;Обтічники та вітрове скло;405
1123;Москвич / АЗЛК;401
3660;Косметика для дівчаток;400
134;Медицина / фармацевтика;398
1986;Катер;397
2340;Подарунки для дітей;396
3252;Шарми;396
3133;Інше;395
2020;Акумулятори;394
3683;Продаж кав'ярень, кафе, ресторанів;394
3695;Оренда МАФів;394
2750;Дощовики;392
2570;Фільтри інших типів;390
1929;Менеджер по роботі з клієнтами;389
3684;Продаж готелів, баз відпочинку;389
388;В'язальні машини;387
3065;Медичні маски і респіратори;385
3095;Сонцезахисні засоби;385
3445;Навантажувач;383
3153;Аксесуари для сумок;380
997;Dodge;379
1093;Seat;379
1729;Volvo;379
2641;Хайтопи;379
2486;Інші запчастини системи керування;376
2541;Форсунки омивача;376
3023;Дезодоранти і антиперспіранти;376
1721;Renault;375
2273;Peugeot;374
2626;Ортопедичне взуття;374
3217;Інше;374
3465;Доглядальниця;374
3384;Ремінно-плечові системи (РПС);373
2038;Фільтри;372
2181;Автоподушки;372
3370;Кепки та бейсболки;372
225;Автобуси;367
2114;Футболки та майки для вагітних та годуючих;367
3541;Інші послуги для тварин;367
1802;Адміністратор;366
2713;Дербі;365
2782;Тайтси і легінси;364
20;Оренда землі;363
2495;Гальмівні колодки барабанні;363
2873;Джеггінси;362
2283;Volvo;360
3686;Продаж салонів краси, клінік;360
2471;Підшипники трансмісії;356
1781;Монтажник;353
2029;Привід та ходова;352
2884;Джинси-бойфренди;352
3538;Підприємства, компанії;352
2189;Шумоізоляція;351
1479;Сільське і лісове господарство / агробізнес;350
2349;Листівки та конверти;350
2408;Підсклянник;350
2292;Кермо;349
2920;Брюки з високою талією;349
1935;Інше;347
3512;Десерти та випічка на замовлення;346
2902;Плісировані спідниці;345
3186;Снуди;345
2034;Зчеплення;344
2779;Класичні шорти;344
3499;Відеозйомка та монтаж відео;344
1994;Лафет;343
3050;Леза для гоління;343
2279;Subaru;342
2498;Гальмівні шланги;342
3772;Зарядні пристрої;342
2404;Матеріал для підлоги;341
491;Бас-гітари;340
1105;Suzuki;339
2345;Подарунки колегам;337
3443;Фура, трал, довгомір;331
2128;Костюми для вагітних та годуючих;330
2126;Одяг для сну і дому для вагітних та годуючих;329
2266;Lexus;329
2927;Укорочені брюки;329
1715;Mazda;328
3537;Перетримка тварин і готелі;327
3035;Гелі для душу;326
3816;Метеостанції;326
2265;Land Rover;324
1481;Робота за кордоном;323
2954;Трикотажні шорти;323
2818;Інше;322
1808;Доглядальниця;321
3752;Камери;321
3837;Копіри;321
2705;Уггі та унти чоловічі;320
3447;Автовишка;318
2935;Пончо;317
3496;Інші послуги освіти;314
3112;Косметика для брів;311
2432;Автомобільні кондиціонери у зборі;310
3220;Інше;308
3554;Інші ділові послуги;308
1131;УАЗ;304
2102;Комутатори;304
3531;Дресирування, кінологи, вигул;304
2887;Кігурумі;300
2203;Kenwood;299
2825;Інше;299
2946;Болеро;299
1718;Nissan;297
2905;Вельветові штани;297
2463;Гідротрансформатор;296
3079;Накладні вії;296
3588;Дзиги;295
2436;Випарники;290
2159;Салонний годинник, прилади, БК;289
3494;Викладачі музики та вокалу;288
118;Пошук гуртів / музикантів;285
2599;Весільні келихи;285
3562;Обладнання для салонів краси;285
1534;Infiniti;283
2026;Ніжки та педалі;282
2710;В'єтнамки;282
2997;Інші комбінезони;282
1719;Opel;281
1830;Промоутер;281
2297;Парео, накидки;280
3491;Дитячий розвиток, логопеди;280
2085;Рукоятки та гріпси;279
3495;Спорт і танці;278
3392;Iнше;276
3646;3D-пазли;276
3843;Матеріали для 3D-друку;276
3080;Олія для волосся;274
2490;Накладки гальмівні;273
1926;Торговий представник;272
2065;Стайлінг;272
2712;Сліпони;272
3799;Кулери для води;272
147;IT / комп'ютери;271
1942;Електромотоцикли;271
2201;JVC;270
3156;Візитниці та картхолдери;270
299;Будівельна техніка;269
2103;Реле;269
2957;Шорти-бермуди;269
3251;Запонки;267
2202;Sony;265
2533;Свічки розжарювання;264
1720;Peugeot;263
110;Інший транспорт;261
1910;Інше;260
3663;Мотоцикли;258
2761;Бриджі;257
2586;Сукні для подружок нареченої;256
3372;Шапки;256
2604;Фата;255
3444;Самоскид, зерновоз;254
1707;Citroen;253
3577;Іграшки для пісочниці;253
3823;Ігрові маніпулятори;253
2307;Топи бюстьє;251
2773;Жилетки;251
3655;Мечі та щити;251
1790;Інше;248
1956;Житло;248
2127;Светри і толстовки для вагітних та годуючих;248
3451;Оренда генераторів;248
2811;Широкі штани;247
3024;Зубні пасти;247
3725;Електродвигуни;246
1866;Бухгалтерія;245
2392;Труби та частини вихлопної системи;243
1811;Няня;242
2255;Citroen;241
3442;Причеп;241
1905;Механік;235
2120;Шорти для вагітних;235
3557;Розрахунково-касове обладнання;235
1837;Електрик;234
154;Культура / мистецтво / розваги;233
1477;Колл-центри / Телекомунікації;233
1865;Інше;232
3221;Шнурки для взуття;232
3696;Оренда СТО, автомийок, АЗС;232
3115;Догляд за очима;231
1871;Бухгалтер;230
2807;Косуха;230
3589;Іграшки неваляшки;230
3137;Інше;228
3441;Автобус, мікроавтобус;228
2028;Підшипники;227
1726;Suzuki;226
3743;Фотофон;226
3209;Бісер / фурнітура;224
3128;Інше;223
2792;Лижні костюми;222
2092;Повітряні;221
2872;Дощовики;221
3452;Оренда опалубки;221
3698;Оренда залів, спортивних приміщень;221
1101;SsangYong;219
2753;Завужені штани;219
3396;Підсумки для магазинів штурмових гвинтівок;218
3459;Візаж та макіяж;218
3044;Контурні олівці;216
3099;Інші ортопедичні товари;216
3218;Інше;216
2274;Porsche;215
2906;Пеньюари;215
3433;Прокат товарів мед призначення;215
2204;Alpine;214
2461;Варіатор;214
2636;Дербі;214
3136;Інше;214
1886;Посудомийниця;213
2005;Причепи цистерни;213
3222;Аксесуари для окулярів і лінз;213
2063;Підніжки;212
2477;Амортизатори та стабілізатори рульового керування;211
985;Chrysler;210
3685;Продаж СТО, автомийок, АЗС;210
2306;Комбінації;208
2121;Комбінезони для вагітних та годуючих;207
2206;Blaupunkt;205
2101;Котушки запалювання;203
3389;Бронепластини;203
3738;Teclast;203
2536;Інші запчастини системи запалення;202
3121;Хайлайтер;202
3836;Мережеві адаптери;202
3533;Оформлення віз;201
104;Ігрові приставки;200
2258;Fiat;200
2309;Комбідреси;200
3045;Кондиціонери для волосся;200
3171;Метелики;200
3436;Прокат спорт і туристичних товарів;200
3742;Відбивачі;200
3553;Послуги перекладачів, набір тексту;199
3107;Бальзами для губ;198
2827;Інший спортивний одяг;197
3101;Тоніки для обличчя;197
3168;Підтяжки;197
3399;Засоби маскування;197
2180;Підігрів сидінь та автомасажери;196
1989;Гребний човен;194
1133;Інші;193
2256;Daewoo;193
2058;Наклейки на мотоцикл, скутер;192
2955;Шорти з високою талією;192
1916;Експедитор;191
2645;Кросівки-шкарпетки;191
3391;Бронежилети;191
2185;Тонування та сонцезахист;190
2055;Інструменти;189
3036;Зубні щітки;188
1884;Помічник кухаря;187
2105;Стартери;187
3281;Окуляри віртуальної реальності;186
1742;Lexus;184
3680;Продаж МАФів;184
2529;Високовольтні дроти запалювання;182
3371;Панами;182
2980;Спортивні сукні;181
3729;Acer;181
1814;Викладач / Вчитель;179
2207;Cyclon;178
2595;Прикраси на машину;178
2686;Інші види транспорту;178
1077;Porsche;177
1950;Для дітей;177
3280;Штативи / селфі-палиці;177
1875;Адміністратор;176
2337;Інша жіноча білизна;175
3049;Декор для нігтів;175
3503;Послуги водіїв;175
1826;Інше;174
3047;Мило;174
1906;Автомаляр;173
2002;Торговий причіп;173
2351;Повітряні кульки та композиції з них;173
2393;Інші запчастини вихлопної системи;173
3403;Ремені для зброї;173
3515;Електротранспорт;173
2592;Шубки;172
3165;Рюкзаки для подорожей;172
3732;Blackview;172
3712;Кімнати подобово, погодинно;171
2657;Сланці;170
2780;Джинсові джогери;170
3369;Балаклави та підшоломники;170
1918;Таксист;169
2831;Тростини;169
3226;Світловідбиваючі жилети;169
2410;Прикурювач;168
2312;Балконет;167
2588;Весільна білизна;167
3246;Брошки;167
1924;Флорист;166
3536;Інші послуги туризму;166
2924;Замшеві спідниці;165
2930;Сукні у білизняному стилі;165
2037;Троси та шланги;164
2963;Вечірні комбінезони;164
1737;Porsche;163
1827;Оператор колл-центру;163
2262;Infiniti;163
2326;Гетри та гольфи;163
2875;Зимові комбінезони;163
3796;Електром'ясорубки;162
1888;Інше;161
1961;Медична допомога;161
2967;Брюки-кюлоти;161
2000;Самоскид напівпричіп;160
2320;Бралетт (без кісточок);160
3187;Комп'ютерні окуляри;158
3238;Робочі кросівки;158
1980;Мотокультиватор;157
2383;Вихлопні системи в зборі;157
2700;Топсайдери;157
3040;Фіксатори;156
1159;Нерухомість;154
2991;Інше;154
3383;Тактичні пояси;153
2669;Інше;152
2986;Інший спортивний одяг;152
3152;Маски для сну;152
2591;Бутоньєрки;151
2601;Скриньки для грошей;151
3527;Текстильні матеріали;151
3846;Запчастини для іншої кухонної техніки;151
1848;Слюсар;149
2091;Інші;149
2449;Підшипники двигуна;149
3530;Тури та екскурсії;149
1801;Інше;148
2470;Муфти еластичні;148
2694;Ортопедичне взуття;148
1548;Lincoln;147
2222;JBL;147
2293;Інша чоловіча білизна;147
3380;Баули;146
1893;Різноробочий;145
2354;Іграшки ручної роботи;145
2391;Резонатори;145
1538;Jaguar;142
1992;Інший водний транспорт;142
3132;Інше;142
1818;Медсестра;140
3042;Пінцети та щипці;140
3064;Наколінники;140
3511;Оформлення кульками;140
2067;Чохли та накидки для мотоцикла;139
2227;Pioneer;139
2079;Траверси;138
963;Acura;137
2308;Пояси і підв'язки для панчох;137
2593;Подушки для обручок;137
1097;Smart;136
1824;Інше;136
1540;MINI;135
2080;Інші;135
2088;Інші;135
3528;Гума, пластик, полімери;135
1492;Аудіотехніка;133
2033;Система охолодження;133
2071;Для скутерів;133
2467;Коробки відбору потужності;133
2129;Сарафани для вагітних та годуючих;132
2874;Штани чінос;132
3500;Інші фото та відео послуги;132
1880;Бармен;131
1936;Максі-скутер;131
1963;Їжа / Продукти;131
2597;Весільна арка;131
2612;Босоніжки;131
1999;Причіп зерновоз;130
2074;Інші;130
3735;Microsoft;130
3753;Шлейфи;130
2653;Броги;129
2701;Монки;129
1965;Автовишки;128
2168;Повітрозабірники;127
2210;Clarion;127
2318;Панчохи;127
1841;Машиніст екскаватора;126
3229;Засоби захисту органів дихання;126
1844;Складальник меблів;125
2006;Автодім;125
1920;Мерчендайзер;124
1957;Транспорт;124
2462;Вилки та штоки перемикання передач;124
2574;Гідравлічні мастила;124
3228;Дощовики;124
3377;Інше взуття;124
3514;Оргтехніка, заправка картриджів;124
3771;Wi-Fi адаптери;124
295;Комунальна техніка;123
298;Самоскиди;123
3039;Тампони;123
1838;Столяр;122
1952;Для тварин;122
2078;Сальники, пильовики амортизатора;122
3508;Кейтеринг, кухарі;122
1938;Баггі;121
2522;Торсіони;121
1949;Транспорт;120
2643;Місяцеходи;120
2668;Інше;120
1740;Dacia;119
1791;Ріелтор;119
1810;Двірник;119
2087;Важелі;119
2319;Спортивні купальники;119
856;Інші б'юті-послуги;118
2539;Насоси омивача;118
2543;Інші запчастини очищення вікон та фар;118
3138;Інше;118
3183;Чохли для ключів;118
3241;Інше робоче взуття;117
2100;Замки запалювання;116
326;Мото - інше;115
2280;Suzuki;115
2866;Національні костюми;115
2325;Корегуючі боді;114
2907;Спортивні капрі та бриджі;114
1812;Домробітниця;113
2072;Для мотоциклів;113
2603;Весільні букети;112
3053;Перев'язувальні матеріали;112
3656;Луки та арбалети;111
2117;Спідниці для вагітних;110
2118;Купальники для вагітних;110
2342;Подарунки на весілля;110
3236;Робочі чоботи;110
3699;Оренда медичних приміщень;110
2396;Форсунки газові;109
3227;Одноразовий одяг;109
1788;Штукатур;108
1813;Інше;108
2007;Кемпінг;108
3117;Канекалони;107
3135;Інше;107
3657;Водяна зброя;107
965;Alfa Romeo;106
1733;Jeep;106
1807;Інше;106
2062;Переговорні пристрої;105
3083;Віск для депіляції;105
3754;Динаміки / мікрофони;105
1815;Вихователь;104
1892;Інше;104
1917;Далекобійник;104
2346;Смачні подарунки;104
2766;Спортивні шкарпетки, гетри;104
3139;Інше;104
2008;Причіп дача;103
2267;Lincoln;103
2943;Спідниці на запах;103
2335;Інша корегуюча білизна;102
3041;Медичні рукавиці;102
3560;Лабораторне обладнання;102
2655;Унти;101
3219;Інше;101
3844;Ламінатори / біндери / шредери;101
1787;Фасадник;98
1933;Адміністратор;98
2385;Гофри;98
3190;Затискачі для грошей;98
1985;Яхта;97
2733;Набори;97
1990;Гідроцикл;96
2124;Колготки для вагітних;96
3205;Кліпси;96
2257;Dodge;95
2948;Анораки;95
1786;Сантехнік;94
2936;Фатінові спідниці;94
3293;GPS навігатори;94
1723;Seat;93
1969;Дорожній каток;93
3368;Шкарпетки;93
1859;Офіс менеджер;92
1977;Машина асенізатор (вакуумна);91
1998;Причіп контейнеровоз;91
3113;Термозахист;91
3155;Рюкзаки для ноутбука;91
1711;Honda;90
2327;Безшовні бюстгалтери;89
2938;Джинси кюлоти;89
3129;Лаки для нігтів;89
3847;Інше;89
1803;Масажист;88
2004;Причіп фургон;88
3216;Інше;88
3539;Ветеринарна допомога;88
1951;Одяг та взуття;87
2313;Корегуючі шорти і панталони;86
2438;Конденсатори кондиціонера;86
2764;Смокінги;86
2781;Блейзери;86
3248;Прикраси для пірсингу;86
3481;Ремонт взуття та сумок;86
3736;Pixus;85
1779;Муляр;84
1996;Бортовий напівпричіп;84
2054;Тримач для телефона, планшета;84
2489;Гальмівні камери та енергоакумулятори;84
2730;Парфумовані олії і масляні духи;84
3068;Коректори;84
1782;Зварювальник;83
1799;Сторож;83
3749;Роз'єми;83
1709;Fiat;82
2104;Свічки запалювання;82
2286;ЗАЗ;82
3124;BB-креми і CC-креми;82
1885;Сушист;81
2606;Весільні рукавички і пояси;81
2755;Домашній одяг;81
2711;Дутики;80
2877;Спортивна білизна;80
3073;Накладні нігті;80
1702;Alfa Romeo;79
3543;Інтернет-магазини;79
1836;Інше;78
1863;Тракторист;78
1907;Автоелектрик;78
3051;Антисептики;78
3381;Інше;78
1780;Плиточник;76
1891;Аніматор;76
2661;Дезерти;76
2786;Шорти бермуди;76
3028;Пристосування для стоп;76
3056;Підводка;76
3123;Бронзери;76
3192;Портупеї;76
3449;Трактор, комбайн;76
1784;Маляр;75
1820;Стоматолог;75
1475;Банки / фінанси / страхування / юриспруденція;74
2093;Мастильні;74
2254;Chrysler;74
2731;Одеколон;74
1764;Buick;73
1789;Електрик;73
3005;Кільцеві лампи;73
3542;Франшизи;73
1546;Cadillac;72
2333;Корегуючі труси;72
2615;Черевики і кросівки;72
3078;Пілінг для обличчя;72
1015;Great Wall;71
2064;Протиугінні системи;71
2974;Домашні штани та брюки;71
3026;Косметика для гоління;71
3397;Сумки скидання магазинів;71
2285;ГАЗ;70
2343;Подарунки на 8 березня;70
2999;Інше;70
1833;SMM-менеджер;69
2294;Інший одяг для вагітних;69
3066;Спонжі;69
1817;Інше;68
1876;Покоївка;68
1901;Інше;67
1972;Бетонозмішувачі (міксери);67
2323;Інші купальники;67
2352;Мило ручної роботи;67
2658;Хайкери;67
2989;Інші вишиванки;67
3003;Для солярію;67
1860;HR;66
2167;Вентилятор в авто;66
3109;Крем для рук;66
3191;Шпильки;66
1121;ИЖ;65
1558;BYD;65
2321;Корегуючі корсети;65
1805;Тренер;64
2808;Одяг для бігу;64
3394;Медичні підсумки;64
3498;Оцифрування та реставрація;64
3071;Скраби для тіла;63
3126;Бази / праймери під макіяж;63
1831;Дизайнер;62
1976;Лісозаготівельна техніка;62
2250;Acura;62
3100;Мочалки для душу;62
2211;LG;60
2594;Накидки;60
3057;Бальзами для волосся;60
1746;SsangYong;59
1840;Токар;59
2717;Еспадрилі;59
2725;Інше;59
3484;Виготовлення ключів;59
3519;Встановлення та ремонт систем безпеки;59
1536;ЛуАЗ;58
1851;Монтажник;58
2217;Blaupunkt;58
2540;Гумки для склоочисників;58
2590;Підв'язки для нареченої;58
3046;Окислювач для волосся;58
1798;Інше;57
1915;Диспетчер;57
1971;Мінінавантажувач;57
2605;Запрошення на весілля;57
2973;Домашні сукні;57
1852;Механік;56
1883;Пекар;56
2225;Kicx;56
2600;Віяла і сумочки;56
3108;Засоби від випадіння волосся;56
1816;Репетитор;55
1847;Складальник;55
2634;Аквашузи (коралоходи);55
1594;GMC;54
1732;Land Rover;54
1834;Контент-менеджер;54
1854;Оператор ЧПУ;54
2277;Seat;54
3084;Засоби для інтимної гігієни;54
3131;Масла для тіла;54
3075;Менструальні чаші;53
1821;Майстер з ремонту;52
1882;Кондитер;52
2216;Alpine;52
2990;Інше;52
3404;Пояси-патронташі;52
1908;Рихтувальник;51
2051;Підшоломники;51
2298;Пляжні шорти;51
2638;Топсайдери;51
3077;Інструменти для чистки обличчя;51
1849;Маляр;50
2213;Philips;50
3106;Міцелярна вода;50
3134;Інше;50
2205;Prology;49
2214;Incar;48
2614;Ботильйони;48
1822;Фармацевт;47
1887;Піцайоло;47
2060;Відбійники (крашпеди);47
3098;Засоби для засмаги;47
1937;Снігохід;46
1974;Бурова установка;46
2316;Бандо (без бретелів);46
2806;Одяг для тренажерного залу;46
2921;Лижні комбінезони;46
3085;Гіпс, бинти, тейпи;46
1725;Subaru;45
1785;Виконроб;45
2228;Sony;45
3089;Лаки для волосся;45
1853;Підсобник;44
1895;Водій;44
1927;Менеджер інтернет магазину;44
3775;Килимки для миші;44
1939;Картинг;43
1828;Оператор чату;42
1861;Інше;42
2001;Трал;42
2491;Ресивери;42
2049;Мотодощовики, мотобахіли;41
2094;Паливні;41
2276;Rover;41
2596;Болеро;41
1970;Всюдиходи;40
1967;Автогрейдер;39
2560;Прикурювачі та комплектуючі;39
3062;Косметика після гоління;39
3485;Послуги домробітниці;39
1736;Mini;38
1900;Пакувальник;38
2569;Фільтри ГБО;38
2575;Мастила для мототехніки;38
2979;Спортивні спідниці;38
1554;Saab;37
2684;Залізничні тепловози;37
2783;Інше;37
3097;Мус для волосся;37
3159;Носові хустинки;37
2095;Інші;36
2208;SHUTTLE;36
1542;Rover;35
2220;Focal;35
2226;Mystery;35
1864;Пилорамщик;34
2221;Hertz;34
3745;Інша студійна техніка;34
1566;MG;33
2053;Бризковики;33
2715;Аквашузи (коралоходи);33
2810;Інше;33
3061;Догляд за кутикулою;33
3395;Підсумки для гранат;33
1717;Mitsubishi;32
1889;Фотограф;32
2242;Pioneer;32
3841;Аксесуари та запчастини для прасок;32
1560;Daihatsu;31
1792;Менеджер з продажу;31
1960;Для тварин;31
2086;Кермові демпфери;31
2801;Куртки для сноубордів;31
2826;Інше;31
3385;Інше;31
2219;Edge;30
1855;Технолог;29
1943;Електроквадрацикли;29
3114;Косметика для ніг;29
1829;Інше;28
2077;Сайлентблоки;28
2317;Корегуючі пояси;28
3069;Лосьйони для волосся;28
3783;Стабілізатори для телефону;28
1586;JAC;27
2390;Полум'ягасники;27
2613;Балетки;27
2988;Футболки вишиванки;27
3055;Скраб для обличчя;27
3070;Хна;27
1552;Lancia;26
1953;Медична допомога;26
1988;Катамаран;26
2236;JBL;26
2798;Лижні комбінезони;26
3043;Олія для обличчя;26
3105;Щітки для сухого масажу;26
1968;Асфальтоукладач;25
2231;Alpine;25
2233;DLS;25
3060;Ополіскувачі для порожнини рота, зубів, ясен;25
3081;Сіль для ванни;25
3298;Коворкінги;25
1570;Isuzu;24
1975;Сміттєвоз;24
2209;Mystery;24
3092;Паста для шугарінгу;24
3102;Тінт для губ;24
3207;Шпильки;24
1488;Фото і відеоапаратура;23
1819;Оператор ПК;23
2218;DLS;23
2232;Blaupunkt;23
2598;Під'юбники;23
3034;Тонуючі засоби;23
3090;Піна для ванни;23
1576;Maserati;22
1738;Dodge;22
1823;Системний адміністратор;22
1832;Маркетолог;22
1842;Конструктор;22
1964;Їжа / Продукти;22
1973;Бетононасоси;22
2777;Мантія;22
2804;Штани для сноубордів;22
1572;Samand;21
1890;Модель;21
2056;Кріплення для номерів на мотоцикл;21
1739;Jaguar;20
1858;Секретар;20
2224;Kenwood;20
3750;Задні кришки;20
1562;Ravon;19
1564;Lifan;19
1705;Chevrolet;19
1930;Товарознавець;19
2336;Інше;19
1574;Dadi;18
1899;Будівельник;18
2073;Для мопедів;18
2820;Джогери;18
3072;Дорожні набори;18
3706;Polestar;18
1795;Юрист;17
2934;Штани для сноубордів;17
3058;Знебарвлення та освітлення;17
1804;Косметолог;16
1932;Менеджер по закупці;16
2602;Парасолі;16
3029;Одноразові шапочки;16
3104;Косметика для рук;16
1773;Ram;15
1873;Інше;15
2683;Карети;15
115;Пошук попутників;14
2239;Kicx;14
2244;Sony;14
3067;Спрей для обличчя;14
1835;Копірайтер;13
2223;JVC;13
2680;Літаки;13
2066;Стенди та підйомники;12
2288;Москвич;12
2492;Ретардери;12
3118;Крем для ніг;12
3120;Дезодорант для ніг;12
3838;Аксесуари та запчастини для сушильних машин;12
1991;Каяк;11
2328;Сліди;11
2939;Куртки для сноубордів;11
1550;Iveco;10
1580;РАФ;10
2212;Swat;10
2240;Magnat;10
2699;Мунбути;10
3250;Шпильки;10
1568;Богдан;9
1775;Samsung;9
1877;Менеджер;9
2682;Дельтаплани;9
2685;Залізничні вагони;9
3048;Зубний порошок;9
3850;Інша оргтехніка;9
3037;Рідина для зняття лаку;8
3185;Шнурки;8
1582;Hummer;7
1590;ZX;7
2234;Ground Zero;7
3074;Крем для депіляції;7
1578;Wartburg;6
1735;Smart;6
1862;Агроном;6
1897;Доглядальниця;6
3103;Засоби від лупи;6
1765;FAW;5
9;Головна;4
328;Головна;4
1706;Chrysler;4
1743;Cadillac;4
1767;Lamborghini;4
1896;Няня;4
1923;Супервайзер;4
2235;Hertz;4
2238;Kenwood;4
1067;Oldsmobile;3
1413;Brilliance;3
1584;Pontiac;3
1592;Chana;3
1722;Saab;3
1745;Aixam;3
1777;TATA;3
1794;Інше;3
1931;Керівник відділу продажів;3
2229;Supra;3
2287;ИЖ;3
1763;BMW-Alpina;2
1766;Groz;2
2237;JVC;2
2243;Pride;2
2245;Supra;2
3781;Засоби для чищення;2
1544;Bentley;1
1588;Ferrari;1
1762;Aston Martin;1
1768;Lotus;1
1772;Proton;1
1774;Rolls-Royce;1
1793;Брокер;1
1898;Зварювальник;1
