synonym,Brand
Лада,Lada
лада,Lada
LADA,Lada
ВАЗ,VAZ
ваз,VAZ
УАЗ,UAZ
уаз,UAZ
ГАЗ,GAZ
газ,GAZ
ЗАЗ,ZAZ
заз,ZAZ
ЛуАЗ,LuAZ
луаз,LuAZ
Москвич,Moskvich
Москвич/AZLK,Moskvich
БМВ,BMW
бмв,BMW
Mercedes,Mercedes-Benz
MB,Mercedes-Benz
VW,Volkswagen
BMW-Alpina,Alpina
KGM,KG Mobility
KG Mobility,KG Mobility
Great Wall,GWM
GWM,GWM
Bellier,Bellier
BELLIER,Bellier
Briliance,Brilliance
Brilliance,Brilliance
Aro,ARO
ARO,ARO
Secma,Secma
SECMA,Secma
Skywell,Skywell
SKYWELL,Skywell
DS,DS Automobiles
Rolls,Rolls-Royce
Moskvich/Azlk,Moskvich
Москвич/AZLK,Moskvich
Mpm,MPM Motors
Mpm Motors,MPM Motors
